skill_id,name,shortName,type,rarity,negative,menuProcessing,description,shortDescription,exclusions,iconDescription,effectDescription,targetIconDescription,longDescription,skipCharacters,shortDesciption,targetEffectDescription,effectName,category,param
mirage,Mirage,Mirage,-,-,-,-,"[""Target ally cannot be directly targeted by enemies for 3 turns."", ""Target takes 50% decreased damage"", ""Hits have 35% chance to miss""]",Cannot be directly targeted and decreases damage taken by 50% for 1 turn.,-,"{""hide"": ""Cannot be directly targeted."", ""block_up"": ""Damage taken decreased."", ""dodge_up"": ""Dodge chance increased.""}",-,-,-,-,-,-,-,,[0.15;0.25;0.35;0.5;0.8;1.0;35.0;2;3]
blind,Blind,Blind,-,-,-,-,"[""Target enemy's next direct hit damage always misses."", ""Next 2 hits"", ""Next 3 hits""]",-,-,"{""hit_chance_down"": ""Next direct damage hit will miss.""}",-,-,-,-,-,-,-,defend,[0.15;0.25;1.5]
smog,Smog,Smog,-,-,-,-,"[""Deals SkillType.Poison damage over time to all enemies and lowers their Technique.""]",-,-,"{""poison"": ""Take SkillType.Poison damage after every turn."", ""technique_down"": ""Technique decreased.""}",-,-,-,-,-,-,-,enemy,[0.2;0.5;1.0;1.5;2.0;3.0;3;2;4]
jab,Jab,Jab,-,-,-,-,"[""Bonus Action. Deals 0.75x Power SkillType.Physical damage."", ""Next SkillType.Attack deals 35% increased damage"", ""Next SkillType.Attack always hits""]",-,-,"{""attack_up"": ""Next SkillType.Attack deals increased damage."", ""no_miss"": ""Next SkillType.Attack always hits.""}",-,-,-,-,-,-,-,fight,[0.2;0.35;1.0;1.5;3;2]
cardthrow,Card Throw,Card Throw,-,-,-,-,"[""Deals 1.0x Technique SkillType.Physical damage to target enemy. More effects based on chosen suit."", ""Deals 50% of damage as SkillType.Physical damage over time for 3 turns, up to 3 stacks"", ""Deals double critical hit damage""]",Deals 1.0x Technique SkillType.Physical damage to target. More effects based on suit.,-,"{""bleed"": ""Take SkillType.Physical damage every turn.""}",-,-,-,-,-,-,-,fight,[2;7;3;4]
queensbite,Queen's Bite,Queen's Bite,-,-,-,-,"[""Deals SkillType.Poison damage to all enemies, and SkillType.Poison damage over time. Increases SkillType.Poison damage taken.""]",-,-,"{""poison"": ""Take high SkillType.Poison damage after every turn."", ""death"": ""Instantly die instead of bleeding out when downed.""}",-,-,-,-,-,-,-,enemy,[0.2;0.25;1.5]
kappa,Kappa,Kappa,-,-,-,-,"[""Replace Katana with Goading Strike. Cast Great Shell on end."", ""Gain 50% of Discipline as Power and Toughness while active"", ""Reduces damage taken by 0.5x Discipline, up to 75%""]",Replace Katana with Goading Strike. Cast Great Shell on end.,-,"{""kappa"": ""Access Goading Strike skill. Casts Great Shell on end."", ""power_up"": ""Power increased."", ""toughness_up"": ""Toughness increased.""}",-,-,-,-,-,-,-,,[0.5;7;2;3]
flourish,Flourish,Flourish,-,-,-,-,"[""Deals 1.25x Power SkillType.Physical damage to target enemy, with a 10% decreased chance to hit."", ""Increases dodge chance by 25% until next turn"", ""Damage increased by 10% for each stack of SkillType.Alcohol on OWNER.NAME""]",-,-,"{""dodge_up"": ""Dodge chance increased.""}",-,-,-,-,-,-,-,fight,[0.1;0.25;0.33;0.41;0.49;0.5;1.0;1.25;2;3]
support,Support,Support,-,-,-,-,"[""Target ally gains 25% of your attributes. Limit one."", ""Attributes given increased to 33%"", ""Gain a free turn when target ally is downed""]",-,-,-,"[""Sharing attributes with Effect.Target."", ""Sharing attributes with Effect.Target."", ""Sharing attributes with Effect.Target.""]","{""all_up"": ""Receiving a portion of Effect.Owner's attributes.""}",-,-,-,-,-,defend,[3]
bloodsuck,Bloodsuck,Bloodsuck,-,-,-,-,"[""Deals 1.0x Power SkillType.Physical damage, restores HP based on damage dealt, causes bleeding, and decreases target's Healing received by 50%.""]",-,-,"{""bleed"": ""Take SkillType.Physical damage every turn."", ""heal_down"": ""SkillType.Healing received decreased by 50%.""}",-,-,-,-,-,-,-,enemy,[0.5;2;3;4;5]
jam,Jam,Jam,-,-,-,-,"[""Bonus Action. Use damaging SkillType.Sonic skills for three turns."", ""Can use Riff skill"", ""Can use Guitar Solo skill""]",Use damaging SkillType.Sonic skills for three turns.,-,-,"[""Automatically uses damaging SkillType.Sonic skills with no MP cost."", ""Automatically uses damaging SkillType.Sonic skills with no MP cost."", ""Automatically uses damaging SkillType.Sonic skills with no MP cost.""]",-,-,-,-,-,-,defend,[0.2;1.5;2;7;3]
chill,Chill,Chill,-,-,-,-,"[""Deals 1x Focus SkillType.Ice damage to an enemy."", ""Decreases target's Speed by 25%"", ""Adds 3 Frostbite""]",-,-,"{""speed_down"": ""Speed decreased.""}",-,-,-,-,-,-,-,fight,[0.75;1.0;1.5]
bigslam,Big Slam,Big Slam,-,-,-,-,"[""Deals SkillType.Physical and SkillType.Stun damage. Pulls an enemy into its body, where it takes SkillType.Poison damage over time until it is digested or broken out.""]",-,-,"{""ingested"": ""Cannot act or be targeted. Deal damage to break free."", ""death"": ""Instantly die instead of bleeding out when downed."", ""ingesting"": ""Deals SkillType.Poison damage to ingested target every turn. Deal damage to break them free.""}",-,-,-,-,-,-,-,enemy,[-15.0;0.035;0.15;0.2;0.33;0.4;0.5;0.6;0.7;0.75;0.8;0.95;1.0;1.1;1.3;1.75;2.25;2.45;15.0;3;2;4]
empower,Empower,Empower,-,-,-,-,"[""Allies gain 50% increased Speed until their next turn. Two turn charge."", ""Allies deal 50% more damage their next turn"", ""Allies gain turn 50% progress""]",-,-,"{""speed_up"": ""Speed increased."", ""attack_up"": ""Damage dealt increased.""}",-,-,-,-,-,-,-,enemy,[3]
metabolism,Metabolism,Metabolism,-,-,-,-,"[""All allies gain 15% Max HP regeneration and immunity to SkillType.Sleep damage for 3 turns.""]",-,-,"{""hp_regen"": ""Restore some HP after every turn."", ""nullify_sleep"": ""Taken SkillType.Sleep damage is nullified.""}",-,-,-,-,-,-,-,tbreak,[0.15;0.25;1.35]
takeroot,Take Root,Take Root,-,-,-,-,"[""Become Rooted, unable to be shifted. Increases TGH by 40%, but cannot dodge. Can be toggled."", ""Restores 15% Max HP after each turn"", ""Becomes a Bonus Action""]",-,-,"{""hp_regen"": ""Restore some HP after every turn."", ""rooted"": ""Cannot be shifted."", ""toughness_up"": ""Toughness increased."", ""dodge_zero"": ""Cannot dodge.""}",-,-,-,-,-,-,-,defend,[-4.0;-2.0;0.15;0.6;1.0;1.2;1.4;2.1;4.0;3;2;5]
gaze,Gaze,Gaze,-,-,-,-,"[""Force target enemy to attack an adjacent teammate and take SkillType.Dark damage for 3 turns. Doubles their Power. Channeled.""]",Force target enemy to attack an adjacent teammate for 3 turns. Channeled.,-,"{""confused"": ""Forced to attack an ally next turn."", ""power_up"": ""Power doubled."", ""dark"": ""Take SkillType.Dark damage after every turn."", ""channel"": ""Channeling gaze at Effect.Target. Ends if downed.""}",-,-,-,-,-,-,-,enemy,[7;2]
illusion,Illusion,Illusion,-,-,-,-,"[""Target ally cannot be directly targeted by enemies and decreases damage taken by 50% for 1 turn."", ""Target ally's skills cannot miss"", ""Target's SkillType.Spell skill hits deal 50% increased damage""]",Target ally cannot be directly targeted by enemies and takes 50% less dmg.,-,"{""hide"": ""Cannot be targeted and damage taken decreased."", ""no_miss"": ""Skills cannot miss."", ""spell_up"": ""SkillType.Spell skill damage increased.""}",-,-,-,-,-,-,-,,[0.15;0.2;0.25;0.5;1.0;1.5;2;3]
toxicslam,Toxic Slam,Toxic Slam,-,-,-,-,"[""Deals SkillType.Poison damage. Pulls an enemy into its body, where it takes SkillType.Poison damage over time until it is digested or broken out.""]",-,-,"{""ingested"": ""Cannot act or be targeted. Deal damage to break free."", ""death"": ""Instantly die instead of bleeding out when downed."", ""ingesting"": ""Deals SkillType.Poison damage to ingested target every turn. Deal damage to break them free.""}",-,-,-,-,-,-,-,enemy,[0.05;0.07;0.2;0.3;0.5;0.6;0.66;0.7;1.0;1.5;9.0]
barkskin,Barkskin,Barkskin,-,-,-,-,"[""SkillType.Physical damage taken by target decreased by 0.5x Focus, up to 75%. Lasts 3 turns."", ""Decreases SkillType.Poison damage taken by 50%"", ""Heals for 0.5x Focus every turn""]",-,-,"{""block_poison_up"": ""SkillType.Poison damage taken is decreased by 50%."", ""hp_regen"": ""Restore some HP after every turn.""}",-,-,-,-,-,-,-,,[0.5;1.2;3;2;4;5]
painlash,Pain Lash,Pain Lash,-,-,-,-,"[""Deals 0.5x Power SkillType.Physical damage 3 times, and inflicts pain status.""]",-,-,"{""pain"": ""Take 33% of damage dealt as piercing SkillType.Physical damage.""}",-,-,-,-,-,-,-,enemy,[0.2;0.33;1.0]
painkillers,Painkillers,Painkillers,-,-,-,-,"[""Decreases taken damage by 50% for an ally. Three uses."", ""Cannot be removed"", ""50% chance to prevent being downed""]",Decreases taken damage by 50% for an ally,-,"{""block_up"": ""Damage taken decreased.""}",-,-,-,-,-,-,-,,[0.25;0.5;1.0]
fade,Fade,Fade,-,-,-,-,"[""Cannot be directly targeted by enemies and decreases damage taken by 50% for 1 turn."", ""Decreases damage taken by 75%"", ""All SkillType.Attack skills miss""]",Cannot be directly targeted and decreases damage taken by 50% for 1 turn.,-,"{""hide"": ""Cannot be targeted and damage taken reduced.""}",-,-,-,-,-,-,-,,[3]
wither,Wither,Wither,-,-,-,-,"[""Target takes 1x Focus SkillType.Dark damage over time for 3 turns. Deals +30% damage vs Undead and Plants."", ""Target's Power and Focus decreased by 20%"", ""Target's received SkillType.Healing is reduced by 90%""]",Target takes 1x Focus SkillType.Dark damage over time for 3 turns.,-,"{""dark"": ""Take SkillType.Dark damage after every turn."", ""power_down"": ""Power decreased."", ""focus_down"": ""Focus decreased.""}",-,-,-,-,-,-,-,fight,[0.1;0.2;0.25;0.8;1.0;1.3;1.5;2.0;2;3;5]
ballad,Ballad,Ballad,-,-,-,-,"[""Song. Increases Power and Toughness by 20% of OWNER.NAME's Technique for all allies."", ""Allies gain 1 Resist after their turn"", ""Decreases damage taken by 15%""]",-,-,"{""toughness_up"": ""Toughness increased."", ""power_up"": ""Power increased."", ""resist_add"": ""Gain 1 Resist after every turn."", ""block_up"": ""Decreases damage taken.""}",-,-,-,-,Increases POW and TGH based on TEC for all allies.,-,-,,[0.25;0.85;1.0;1.25;2.2;2;3]
darkbond,Dark Bond,DarkBond,-,-,-,-,"[""Transfers 50% of taken damage to target as Dark damage. Only one active at a time."", ""Steals 35% of healing received from target"", ""Damage transferred increased by 25%""]",-,-,-,"[""50% of damage taken redirected to Effect.Target as SkillType.Dark."", ""50% of damage taken redirected to Effect.Target as SkillType.Dark."", ""75% of damage taken redirected to Effect.Target as SkillType.Dark.""]","{""heal_nullified"": ""35% of SkillType.Healing received is transferred to Effect.Owner.""}",-,-,-,"[""50% of damage taken by Effect.Owner redirected to Effect.Target as SkillType.Dark."", ""50% of damage taken by Effect.Owner redirected to Effect.Target as SkillType.Dark."", ""75% of damage taken by Effect.Owner redirected to Effect.Target as SkillType.Dark.""]",-,,[0.25;0.4;0.5;0.7;2]
temper,Temper,Temper,-,-,-,-,"[""SkillType.Physical damage taken by target decreased by 0.5x Power, up to 75%. Effect decays when hit."", ""Decays at a slower rate"", ""Affects all damage types""]",-,-,-,"[""Decreased SkillType.Physical damage taken. Effect weakens when hit."", ""Decreased SkillType.Physical damage taken. Effect weakens when hit."", ""Decreased damage taken. Effect weakens when hit.""]",-,-,-,-,-,-,defend,[0.25;0.4;0.45;0.5;0.95;1.0;2.5;4.0;3]
barricade,Barricade,Barricade,-,-,-,-,"[""Randomly taunt 3 enemies and nullify up to 8 hits until next turn, reflecting SkillType.Physical damage back to melee attackers. 2 turn charge.""]",Randomly taunt 3 enemies and nullify up to 8 hits until next turn.,-,"{""counter"": ""Counter attack with Shield Swipe if broken."", ""nullify"": ""Nullify the next Effect.Blocks damaging hits."", ""physical_reflect"": ""Melee attackers take SkillType.Physical damage.""}",-,-,-,-,-,-,-,enemy,[3]
melody,Melody,Melody,-,-,-,-,"[""Song. Increases Focus and Discipline by 20% of OWNER.NAME's Technique for all allies."", ""Doubles MP regeneration for allies"", ""Allies take 50% less SkillType.MP damage""]",-,-,"{""focus_up"": ""Focus increased."", ""discipline_up"": ""Discipline increased."", ""mp_regen"": ""MP regeneration rate doubled."", ""block_mp_up"": ""SkillType.MP damage taken reduced.""}",-,-,-,-,Increases Focus and Discipline based on Technique for all allies.,-,-,,[0.25;0.5;1.0;1.25;2.2;2;3]
powerballad,Power Ballad,P. Ballad,-,-,-,-,"[""Song. Increases Power and Toughness by 20% of OWNER.NAME's TEC for all allies."", ""Allies gain 1 Resist after their turn"", ""Decreases damage taken by 15%""]",-,-,"{""toughness_up"": ""Toughness increased."", ""power_up"": ""Power increased."", ""resist_add"": ""Gain 1 Resist after every turn."", ""block_up"": ""Decreases damage taken.""}",-,-,-,-,Increases POW and TGH based on TEC for all allies.,-,-,,-
meditate,Meditate,Meditate,-,-,-,-,"[""Restores 15% of Max HP and MP and dispel 3 SkillType.Debuff effects. Two turn charge."", ""Increases damage and healing of next skill used by 25%"", ""Your next skill counts as a Bonus Action""]",Restores 15% of Max HP and MP and dispel 3 SkillType.Debuff effects.,-,"{""bonus_action"": ""Next skill is a Bonus Action."", ""attack_up"": ""Increased damage and healing.""}",-,-,-,-,-,-,-,defend,[0.25;0.75;1.0;1.5;30.0;7;2;3]
healingaria,Healing Aria,Heal Aria,-,-,-,-,"[""Song. Heals allies for 0.35x OWNER.NAME's Technique at the end of OWNER.NAME's turn."", ""Dispels one SkillType.Debuff when healing"", ""Heals weakest ally twice""]",-,-,"{""hp_regen"": ""Heal all allies after your turn.""}",-,"{""hp_regen"": ""Restore some HP after Seb's turn.""}",-,-,Song. Heals allies for 0.35x OWNER.NAME's Technique at the end of OWNER.NAME's turn.,-,-,,[1.0;1.25;1.5;2.25]
poisonsting,Poison Sting,Poison Sting,-,-,-,-,"[""Deals SkillType.Poison damage over time."", ""Deals SkillType.Poison damage over time."", ""Deals SkillType.Poison damage over time.""]",-,-,"{""poison"": ""Take SkillType.Poison damage after every turn.""}",-,-,-,-,-,-,-,enemy,[0.01;0.15;0.5;0.9;1.0;1.5]
laserpistol,Laser Pistol,Pistol,-,-,-,-,"[""Deals 1x Focus SkillType.Energy damage to target."", ""Also deals 0.3x Focus SkillType.Fire damage"", ""Decreases target Technique by 20% for 3 turns""]",-,-,"{""technique_down"": ""Technique decreased.""}",-,-,-,-,-,-,-,fight,[0.3;0.8;1.0;3;2]
simmeringrage,Simmering Rage,Smrg Rage,-,-,-,-,"[""Each stack increases Focus by 10. Attackers take SkillType.Fire damage when active.""]",-,-,"{""fire_reflect"": ""Melee attackers take SkillType.Fire damage."", ""focus_up"": ""Focus increased. Gain stacks when changing face.""}",-,-,-,-,-,-,-,enemy,[-1.2;0.05;0.07;0.2;0.25;0.3;0.5;0.6;0.7;1.2;2.0;2.5;3.1416;20.0;30.0]
frozensolid,Frozen Solid,Frzn Solid,-,-,-,-,"[""Target cannot act for 2 turns and decreases target Toughness by 50%, and Agility to zero.""]",-,-,"{""toughness_down"": ""Toughness decreased."", ""agility_zero"": ""Agility reduced to zero."", ""interrupt"": ""Cannot act.""}",-,-,-,-,-,-,-,enemy,[0.2;0.5;0.8;0.9;1.0;2.0;2.25;2;3;4]
cleave,Cleave,Cleave,-,-,-,-,"[""Deals 1x Power SkillType.Physical damage to target. Row takes 0.5x Power SkillType.Physical damage."", ""Enemies bleed for 50% SkillType.Physical damage taken for 1 turn"", ""Bleed now lasts 2 turns""]",-,-,"{""bleed"": ""Take SkillType.Physical damage after every turn.""}",-,-,-,-,-,-,-,,[0.5;20.0;2;3;4;5]
kitsune,Kitsune,Kitsune,-,-,-,-,"[""Replace Katana with Rising Flame. Cast Foxfire on end."", ""Gain 50% of Discipline as Power and Agility while active"", ""Discipline % increases dodge chance""]",Replace Katana with Rising Flame. Cast Foxfire on end.,-,"{""kitsune"": ""Access Rising Flame skill. Casts Foxfire on end."", ""power_up"": ""Power increased."", ""agility_up"": ""Agility increased.""}",-,-,-,-,-,-,-,,[0.04;0.5;0.85;1.0;7;2;3]
whip,Whip,Whip,-,-,-,-,"[""Deals 1x Power SkillType.Physical damage to target."", ""Can target non-melee enemies"", ""Decreases target's Discipline by 25% for 3 turns""]",-,-,"{""discipline_down"": ""Discipline decreased.""}",-,-,-,-,-,-,-,fight,[0.05;0.1;1.5;3.0;3;2]
tengu,Tengu,Tengu,-,-,-,-,"[""Replace Katana with Wind Cutter. Cast Falling Leaf on end."", ""Gain 50% of Discipline as Power and Focus while active"", ""Adds up to 0.5x Discipline to damage with hits""]",Replace Katana with Wind Cutter. Cast Falling Leaf on end.,-,"{""tengu"": ""Access Wind Cutter skill. Casts Falling Leaf on end."", ""power_up"": ""Power increased."", ""focus_up"": ""Focus increased.""}",-,-,-,-,-,-,-,,[0.5;7;2;3]
bloodlet,Bloodlet,Bloodlet,-,-,-,-,"[""Target ally takes 30% Max HP SkillType.Physical damage and loses all SkillType.Debuff effects."", ""Heals target after every turn for amount equal to 50% of initial damage dealt. Lasts 3 turns."", ""Negates Plague damage""]",-,-,"{""hp_regen"": ""Restores HP at turn start, based on damage dealt by Effect.Owner."", ""bloodlet"": ""Negates Plague damage.""}",-,-,-,-,-,-,-,defend,[0.15;0.5;2;3;4]
chastise,Chastise,Chastise,-,-,-,-,"[""Deals 1.2x Focus SkillType.Holy damage to target. Always hits."", ""Deals 0.6x Focus SkillType.Holy damage after target's next turn"", ""Prevents target from targeting your party for one turn""]",-,-,"{""holy"": ""Take SkillType.Holy damage every turn."", ""edict"": ""Cannot target enemy party.""}",-,-,-,-,-,-,-,fight,[0.1;0.2;0.3;0.4;0.5;0.6;0.7;0.95;1.5;3;5]
prescribe,Prescribe,Prescribe,-,-,-,-,"[""Access Prescription skills. Limit 1 per ally."", ""Prescription skills heal target for 10% HP every turn"", ""Adds 50% of healing to Insurance""]",-,-,"{""hp_regen"": ""Restore some HP after every turn.""}",-,-,-,-,-,-,-,defend,[0.1;2;7]
tuneup,Tune Up,Tune Up,-,-,-,-,"[""Increases Power, Endurance, and Speed for a mechanical ally and grants them a free turn."", ""Increases Power, Endurance, and Speed for a mechanical ally and grants them a free turn."", ""Increases Power, Endurance, and Speed for a mechanical ally and grants them a free turn.""]",-,-,"{""power_up"": ""Power increased."", ""endurance_up"": ""Endurance increased."", ""speed_up"": ""Speed increased.""}",-,-,-,-,-,-,-,enemy,[0.15;1.5]
annihilate,Annihilate,Annihlt,-,-,-,-,"[""Deals 1x Power SkillType.Energy damage and increases speed and power.""]",-,-,"{""power_up"": ""Power increased."", ""speed_up"": ""Speed increased.""}",-,-,-,-,-,-,-,enemy,[0.5;1.1]
duel,Duel,Duel,-,-,-,-,"[""OWNER.NAME and enemy can only target each other for 3 turns. Cannot be dispelled or resisted."", ""Deal 35% increased damage to target"", ""Target deals 50% decreased damage""]",OWNER.NAME and enemy can only target each other for 3 turns.,-,"{""taunt"": ""Forced to target Effect.Target."", ""block_down"": ""Take increased damage from Effect.Target."", ""attack_down"": ""Deal decreased damage.""}",-,-,-,-,-,-,-,,[0.25;0.3;0.35;0.5;1.0;3.0;2;3]
gravescall,Grave's Call,Grv's Call,-,-,-,-,"[""Deals up to 5.5x Focus SkillType.Dark damage to an enemy, based on target's missing HP."", ""Deals up 2x Focus SkillType.Dark damage over time for 2 turns"", ""Target is instantly killed, instead of bleeding out, if Downed""]",-,-,"{""death"": ""Instantly die instead of bleeding out when downed."", ""dark"": ""Take SkillType.Dark damage after every turn.""}",-,-,-,-,-,-,-,,[0.25;0.36;0.4;0.5;10.0;3;5]
loverstrance,Lover's Trance,Lvr's Trnc,-,-,-,-,"[""Bonus Action. Target cannot directly target OWNER.NAME for 3 turns. Ignores resist."", ""Target counter attacks allies who target OWNER.NAME"", ""Take 35% less damage from target""]",-,-,"{""edict"": ""Cannot directly target Effect.Owner."", ""counter_debuff"": ""Automatically counter attacks any ally that targets Effect.Owner.""}",-,-,-,-,-,-,-,enemy,[0.2;0.25;0.4;0.5;0.65;1.0;2;3;7]
injunction,Injunction,Injunction,-,-,-,-,"[""Target's next turn is interrupted. Once per enemy."", ""Resets target's current turn progress if not resisted"", ""Deals 0.35x Focus SkillType.MP damage if not resisted""]",-,-,"{""interrupt"": ""Next turn is interrupted.""}",-,-,-,-,-,-,-,,[0.35;3;2]
fairykiss,Fairy Kiss,Fairy Kiss,-,-,-,-,"[""Target ally's skills cannot miss for 1 turn."", ""Target gains +10% to all attributes"", ""Other SkillType.Buff effects on target gain +1 turn duration""]",-,-,"{""no_miss"": ""Skills cannot miss."", ""all_up"": ""All attributes increased.""}",-,-,-,-,-,-,-,,[0.2;0.25;0.5;1.0;1.1;2]
undeath,Undeath,Undeath,-,-,-,-,"[""Revives all Undead allies. Endurance is decreased every time resurrected. 3 uses per ally.""]",-,-,"{""death"": ""Instantly die instead of bleeding out when downed."", ""endurance_down"": ""Endurance decreased.""}",-,-,-,-,-,-,-,enemy,[0.666;3]
steroids,Steroids,Steroids,-,-,-,-,"[""Increases Power and Speed by 35%, but 25% chance to lose control.""]",-,-,"{""power_up"": ""Power increased."", ""speed_up"": ""Speed increased."", ""confused"": ""25% chance hero acts on their own.""}",-,-,-,-,-,-,-,,[0.5;0.75;1.0;1.35;2.0;25.0;30.0]
jinx,Jinx,Jinx,-,-,-,-,"[""Target's chance to hit decreased by 50% for 3 turns."", ""Target cannot dodge"", ""All hits on target become critical""]",-,-,"{""hit_chance_down"": ""Hit chance decreased."", ""dodge_zero"": ""Cannot dodge."", ""block_down"": ""All hits taken are critical.""}",-,-,-,-,-,-,-,,[0.25;0.4;0.5;2.0;2.25;2;3]
gluebomb,Glue Bomb,Glue Bomb,-,-,-,-,"[""Decreases target Speed and Agility by 50% and target is Rooted for 3 turns. 1 use."", ""Non-boss target loses all current turn progress"", ""35% chance to interrupt target's skills""]",-,-,"{""agility_down"": ""Agility decreased."", ""speed_down"": ""Speed decreased."", ""interrupt"": ""Chance for skills to be interrupted."", ""rooted"": ""Cannot be shifted.""}",-,-,-,-,-,-,-,,[-15.0;0.5;0.8;1.0;2.0;15.0;35.0;3;2]
prank,Prank,Prank,-,-,-,-,"[""Target's next turn is interrupted. Once per enemy. No effect on Bosses."", ""Decreases target Technique by 20%"", ""Gain turn progress when target is interrupted""]",-,-,"{""interrupt"": ""Next turn is interrupted."", ""technique_down"": ""Technique decreased.""}",-,-,-,-,-,-,-,,[0.25;0.4;0.8;1.0;1.2;1.25;1.5;25.0;2;3]
icu,ICU,ICU,-,-,-,-,"[""Revive an ally at 35% Max HP after 2 turns. Requires and removes Nurse."", ""Revives ally with 65% Max HP"", ""Ally gains Free Turn""]",-,-,"{""revive"": ""Will be revived when effect ends.""}",-,-,-,-,-,-,-,,[0.02;0.1;0.2;0.25;0.3;0.35;0.4;0.5;0.65;0.75;1.0;1.35;12.0;2;3]
loan,Loan,Loan,-,-,-,-,"[""Grants ally a Free Turn, but ally gains Debt every turn for 3 turns."", ""Ally gains 100% increased Speed"", ""Ally deals 20% increased damage""]",-,-,"{""loan"": ""Gain Debt after every turn"", ""attack_up"": ""Damage dealt increased."", ""speed_up"": ""Speed increased.""}",-,-,-,-,-,-,-,,[0.05;0.2;0.4;0.5;2.0;2;3]
enzymes,Enzymes,Enzymes,-,-,-,-,"[""Deals 0.5 SkillType.Physical damage and lowers Toughness by 50% for 3 turns.""]",-,-,"{""toughness_down"": ""Toughness decreased.""}",-,-,-,-,-,-,-,enemy,[0.05;0.07;0.3;0.5;0.6;0.7;0.8;1.0;1.5;3]
boneshield,Bone Shield,BoneShld,-,-,-,-,"[""Blocks up to 2.5x Toughness damage taken. Lose 10% of current HP."", ""Attackers take 1x Toughness SkillType.Physical damage"", ""No longer costs HP""]",-,-,-,-,-,-,-,-,-,-,defend,[0.25;0.4;0.5;1.25;2;3;4]
forcefield,Forcefield,Forcefield,-,-,-,-,"[""Blocks damage and deals energy thorns damage on melee hit.""]",-,-,"{""energy_reflect"": ""Melee attackers take SkillType.Energy damage."", ""block_ranged_up"": ""SkillType.Ranged skill damage taken decreased.""}",-,-,-,-,-,-,-,,[0.33;0.5;0.66;0.75;0.99;1.0;1.32;1.5;1.75;2;3;4]
dragonrush,Dragon Rush,DragonRsh,-,-,-,-,"[""Deals 2x Power SkillType.Physical and SkillType.Fire damage, but decreases OWNER.NAME's attributes by 35% and cannot be used again for 3 turns."", ""Take 50% decreased damage while exhausted"", ""Always deals critical damage""]","Deals 2x Power SkillType.Physical and SkillType.Fire damage, but decreases attributes by 35% for 3 turns.",-,"{""all_down"": ""All attributes decreased."", ""block_up"": ""Damage taken decreased.""}",-,-,-,-,-,-,-,,[0.01;0.1;0.15;0.2;0.25;0.3;0.4;0.5;0.6;0.65;2;3]
incision,Incision,Incision,-,-,-,-,"[""Deals 0.85x Power SkillType.Physical damage and lowers target's Endurance by 20% for 3 turns."", ""Increases all damage target takes by 25%"", ""Nullifies SkillType.Healing on target""]",-,-,"{""endurance_down"": ""Endurance decreased."", ""block_down"": ""Increased damage taken."", ""heal_nullified"": ""All SkillType.Healing received is negated.""}",-,-,-,-,-,-,-,,[0.25;0.8;1.0;2.0;20.0;2;3]
glueburst,Glue Burst,Glue Burst,-,-,-,-,"[""Decreases target Speed and Agility by 50% and targets are Rooted for 3 turns.""]",-,-,"{""agility_down"": ""Agility decreased."", ""speed_down"": ""Speed decreased."", ""interrupt"": ""Chance for skills to be interrupted."", ""rooted"": ""Cannot be shifted.""}",-,-,-,-,-,-,-,inventions,-
parasiticbond,Parasitic Bond,Prstc Bond,-,-,-,-,"[""Transfers 75% of taken damage to target as piercing Dark damage, steals 90% of healing received, and steals free turns earned.""]",-,-,"{""dark_redirect"": ""75% of damage taken redirected to Effect.Target as SkillType.Dark."", ""dark"": ""75% of damage taken by Effect.Owner redirected to Effect.Target as SkillType.Dark."", ""heal_nullified"": ""90% of SkillType.Healing received is transferred to Effect.Owner."", ""no_freeturn"": ""Free Turns redirected to Effect.Owner.""}",-,-,-,-,-,-,-,enemy,[0.05;0.07;0.3;0.5;0.6;0.7;0.8;1.0]
blitzstance,Blitz Stance,BltzStanc,-,-,-,-,"[""Stance. Adds up to 0.5x Speed damage to SkillType.Attack skill damage. Disables Bonus Actions."", ""Increases Technique by 35% of Speed"", ""SkillType.Attack skills have 35% less turn delay""]",Stance. Adds up to 0.5x Speed damage to SkillType.Attack skill damage.,-,"{""blitz_stance"": ""0.5x Speed added to attacks."", ""speed_up"": ""Speed increased."", ""technique_up"": ""Technique increased.""}",-,-,-,-,-,-,-,,[0.35;0.5;0.65;1.0;2;3]
smokebomb,Smoke Bomb,S.Bomb,-,-,-,-,"[""Attacks against allies have a 35% chance to miss for two turns. One use."", ""Lasts three turns"", ""Lasts four turns""]",Attacks against allies have a 35% chance to miss for two turns.,-,"{""smoke_grenade"": ""Increased dodge chance.""}",-,-,-,-,-,-,-,,[0.3;0.36;0.75]
strafe,Strafe,Strafe,-,-,-,-,"[""Deals 1x Power SkillType.Physical damage to target. Row takes 0.5x Power SkillType.Physical damage."", ""Enemies bleed for 50% SkillType.Physical damage taken for 1 turn"", ""Bleed now lasts 2 turns""]",Bonus Action. Deals 1x Power SkillType.Physical damage to target and half to row.,-,"{""bleed"": ""Take SkillType.Physical damage after every turn.""}",-,-,-,-,-,-,-,,[-20.0;0.3;0.5;0.6;1.0;20.0]
stasisnet,Stasis Net,StasisNet,-,-,-,-,"[""Deals 150-200 SkillType.Lightning and SkillType.MP damage over time for 3 turns. Three uses. Cannot miss."", ""Steals MP from target"", ""Target cannot dodge""]",Deals SkillType.Lightning and SkillType.MP damage over time.,-,"{""lightning"": ""Take SkillType.Lightning damage over time."", ""mp"": ""Take SkillType.MP damage over time."", ""dodge_zero"": ""Cannot dodge.""}",-,-,-,-,-,-,-,,[0.05;0.2;0.5;1.0;1.5;3;2]
smash,Smash,Smash,-,-,-,-,"[""Deals 1.35x Power SkillType.Physical and SkillType.Stun damage to an enemy."", ""Deals SkillType.Stun damage over time for 3 turns"", ""SkillType.Stun damage always a critical hit""]",-,-,"{""stun"": ""Take SkillType.Stun damage every turn.""}",-,-,-,-,-,-,-,,[0.01;0.15;0.25;0.3;0.5;2;3;4]
springboots,Spring Boots,Spring Boots,-,-,-,-,"[""Become untargetable and deal 300-400 SkillType.Physical damage to a random target next turn. One use."", ""2 uses"", ""3 uses""]",Become untargetable and deal 300-400 SkillType.Physical damage to a random target next turn.,-,"{""flight"": ""Cannot be targeted by anyone.""}",-,-,-,-,-,-,-,inventions,[-20.0;0.25;0.5;0.75;1.0;3]
curse,Curse,Curse,-,-,-,-,"[""Target's received healing is decreased by 90% for 2 turns."", ""Target's received healing is decreased by 90% for 2 turns."", ""Target's received healing is decreased by 90% for 2 turns.""]",-,-,"{""heal_down"": ""SkillType.Healing received decreased by 90%.""}",-,-,-,-,-,-,-,enemy,[0.1;0.25;0.4;0.5;1.0;2.0;2.25]
balloon,Balloon,Balloon,-,-,-,-,"[""Next damage misses target ally. Heals target for 10% Max HP when Balloon ends."", ""Enemy takes SkillType.Stun damage equal to healing"", ""50% chance to remain active""]",-,-,"{""nullify"": ""Next damage taken is nullified.""}",-,-,-,-,-,-,-,defend,[0.75]
retch,Retch,Retch,-,-,-,-,"[""Deals 1.0x Focus SkillType.Poison damage to targets, and 0.5x Focus SkillType.Poison damage over time for 3 turns. Increases target's SkillType.Poison damage taken by 25%.""]",Deals SkillType.Poison damage and SkillType.Poison DoT. Target's SkillType.Poison damage taken increased.,-,"{""poison"": ""Take SkillType.Poison damage after every turn."", ""block_poison_down"": ""SkillType.Poison damage taken is increased.""}",-,-,-,-,-,-,-,enemy,[0.25;2.0]
terrorbite,Terror Bite,Terror Bite,-,-,-,-,"[""Deals 1.5x Power SkillType.Physical damage. Pierces 50% of defenses and causes bleeding."", ""Damage increased by 15%"", ""Damage increased by additional 15%""]",-,-,"{""bleed"": ""Take SkillType.Physical damage every turn.""}",-,-,-,-,-,-,-,enemy,[0.2;1.0;3;2;4;5]
flamethrower,Flamethrower,Flmthrwr,-,-,-,-,"[""Deals 1x Power SkillType.Fire damage and 0.5x Power SkillType.Fire damage every turn for 3 turns.""]",-,-,"{""fire"": ""Take SkillType.Fire damage after every turn.""}",-,-,-,-,-,-,-,fight,[0.25;0.35;0.4;0.5;0.85;1.5;2.0;2.5;2;3;4]
lovepotion,Love Potion,Love Pot,-,-,-,-,"[""Redirect 50% of damage taken by self to target ally."", ""Redirect damage reduced by 50%"", ""Redirects up to 100% based on missing HP""]",-,-,-,"[""Damage taken is redirected onto Effect.Target."", ""Damage taken is redirected onto Effect.Target."", ""Damage taken is redirected onto Effect.Target.""]",-,-,-,-,"[""Redirect damage taken by Effect.Owner onto yourself."", ""Redirect damage taken by Effect.Owner onto yourself."", ""Redirect damage taken by Effect.Owner onto yourself.""]",-,,-
toxicmist,Toxic Mist,Toxic Mist,-,-,-,-,"[""Deals SkillType.Poison damage over time to everyone in the battle."", ""Deals SkillType.Poison damage over time to everyone in the battle."", ""Deals SkillType.Poison damage over time to everyone in the battle.""]",-,-,"{""poison"": ""Take SkillType.Poison damage after every turn.""}",-,-,-,-,-,-,-,enemy,[0.5;1.0;1.5;2.0;3.0;3;2;4]
flamecoat,Flamecoat,Flamecoat,-,-,-,-,"[""Adds 0.5x Focus SkillType.Fire damage with SkillType.Attack skills for 3 turns."", ""Attackers take 0.5x Focus SkillType.Fire damage"", ""Increases all SkillType.Fire damage dealt by target by 35%""]",-,-,"{""fire_add"": ""SkillType.Attack skills also deal added SkillType.Fire damage."", ""fire_reflect"": ""Attackers take SkillType.Fire damage.""}",-,-,-,-,-,-,-,,[0.35;0.5;0.8;1.0;2.5;2;3]
disengage,Disengage,Disengage,-,-,-,-,"[""Heals for 30% Max HP. Shift to back row."", ""Restores 50% of missing MP"", ""The next incoming hit always misses""]",-,-,"{""dodge_up"": ""The next incoming hit always misses.""}",-,-,-,-,-,-,-,defend,[0.3;0.4;0.6;2;7;3]
absorbsoul,Absorb Soul,Absorb Soul,-,-,-,-,"[""Deals 0.75x Focus SkillType.Dark damage to target, heals the caster, gives self a focus bonus, and reduces target's healing received.""]",-,-,"{""focus_up"": ""Focus increased."", ""heal_nullified"": ""90% of SkillType.Healing received is transferred to Effect.Owner.""}",-,-,-,-,-,-,-,enemy,[0.1;0.2;0.25;0.4;0.5;0.6;0.8;0.9;1.35;2.0;2.25]
feedback,Feedback,Feedback,-,-,-,-,"[""Target takes 1x Focus SkillType.Energy damage after using SkillType.Attack skills. Lasts 3 turns. Only targets enemies that have SkillType.Attack skills. Stacks."", ""Target deals 25% less damage with SkillType.Attack skills"", ""Now lasts for 5 turns""]",Target takes 1x Focus SkillType.Energy after SkillType.Attack skill uses.,-,"{""feedback"": ""Take SkillType.Energy damage after using a SkillType.Attack skill."", ""attack_down"": ""Reduced SkillType.Attack skill damage dealt.""}",-,-,-,-,-,-,-,,[0.1;0.15;0.2;0.3;0.45;0.5;0.6;0.75;0.85;0.95;1.0;1.5;2;3;4;5]
grandfinale,Grand Finale,Gr Finale,-,-,-,-,"[""All other allies gain the effects of Illusion skill. Four turn charge."", ""OWNER.NAME dodges all damage for 1 turn"", ""Allies are healed for 50% Max HP and MP""]",-,-,"{""dodge_up"": ""Dodges all damage.""}",-,-,-,-,-,-,-,,[0.2;2.5;2]
banish,Banish,Banish,-,-,-,-,"[""Banish undead to death.""]",-,-,"{""death"": ""Instantly die instead of bleeding out when downed.""}",-,-,-,-,-,-,-,,[0.15;0.25;0.33;0.5;1.0;1.5;2.25;3]
molotov,Molotov,Molotov,-,-,-,-,"[""Deals 100-150 SkillType.Fire damage and half as much each turn for 3 turns. Always hits. Two uses per battle."", ""Damage over time deals full damage"", ""Hits all enemies""]",Deals 100-150 SkillType.Fire damage and half as much each turn. Always hits.,-,"{""fire"": ""Take SkillType.Fire damage after every turn.""}",-,-,-,-,-,-,-,,[0.5;0.85;3;2]
backfire,Backfire,Backfire,-,-,-,-,"[""Deals 0.5x Focus SkillType.Energy damage, and 2x Focus SkillType.Energy damage after target's next SkillType.Spell use. Always hits. Can only target spell casters. Stacks."", ""Deals 2x Focus SkillType.MP damage when triggered"", ""Target's next SkillType.Spell skill misses""]",Deals 0.5x Focus SkillType.Energy damage and 2x Focus SkillType.Energy damage after target's next SkillType.Spell use.,-,-,"[""Take SkillType.Energy damage after next SkillType.Spell use."", ""Take SkillType.Energy and SkillType.MP damage after next SkillType.Spell use."", ""Take SkillType.Energy and SkillType.MP damage after next SkillType.Spell use. Next SkillType.Spell skill misses.""]",-,-,-,-,-,-,,-
assigntarget,Assign Target,Target,-,-,-,-,"[""Increases target's damage taken from OWNER.NAME by 25%. Limit of one Assigned Target."", ""Attack target with OWNER.FIGHTNAME after it acts, if possible"", ""If the target gains a Free Turn, gain one as well""]",Increases target's damage taken from OWNER.NAME by 25%. Limit one.,-,"{""assigned_target"": ""Increased damage taken from Effect.Owner.""}",-,-,-,-,-,-,-,,[0.2;0.25;0.5;2;7;3]
guardstrike,Guard Strike,Guard Strk,-,-,-,-,"[""Deals 0.66x Power SkillType.Physical damage and decreases damage taken by 25% for 1 turn."", ""Lasts 2 turns"", ""Counter attack incoming SkillType.Melee skills while active""]",-,-,"{""block_up"": ""Damage taken decreased."", ""counter"": ""Counter attack incoming SkillType.Melee skills.""}",-,-,-,-,-,-,-,,[0.75;3;2;7]
enfeeblingray,Enfeebling Ray,Enfbl Ray,-,-,-,-,"[""Decreases target enemy's Power by 50% for 2 turns. 2 uses."", ""Decreases target Toughness by 50%"", ""Decreases target Speed by 35%""]",-,-,"{""power_down"": ""Power decreased."", ""toughness_down"": ""Toughness decreased."", ""speed_down"": ""Speed decreased.""}",-,-,-,-,-,-,-,,[0.25;0.35;0.5;0.65;0.85;2;3]
runicseal,Runic Seal,Rune Seal,-,-,-,-,"[""Interrupts next SkillType.Spell skill cast by an enemy. No effect on Bosses."", ""Gain MP equal to the interrupted skill cost"", ""Automatically cast the interrupted skill if possible""]",-,-,"{""spell_interrupt"": ""Next SkillType.Spell skill use is interrupted.""}",-,-,-,-,-,-,-,,-
energize,Energize,Energize,-,-,-,-,"[""Sacrifice 20% of current HP. Restore 0.5x Focus MP to all allies. Increased turn delay."", ""Allies gain 15% turn progress"", ""Allies' next skill deals 25% increased damage or healing""]",Sacrifice 20% of current HP. Restore 0.5x Focus MP to all allies.,-,"{""attack_up"": ""Next skill deals increased damage or healing.""}",-,-,-,-,-,-,-,,[0.2;0.25;0.5;1.0;1.5;15.0;5]
boast,Boast,Boast,-,-,-,-,"[""Increase Speed and Focus by 15% and taunt the enemy front row.""]",-,-,"{""focus_up"": ""Focus increased."", ""speed_up"": ""Speed increased.""}",-,-,-,-,-,-,-,enemy,[0.15;0.3;0.45;0.6;1.0;1.15;1.5]
doomprophecy,Doom Prophecy,Doom,-,-,-,-,"[""A random enemy takes 3x Focus SkillType.Holy damage after 3 turns. Stackable 10 times."", ""Enemy's SkillType.Healing received decreased by 10% per stack"", ""Enemy takes 0.2x Focus SkillType.Holy damage per turn per stack""]",-,-,"{""holy"": ""Take SkillType.Holy damage when this effect ends.""}",-,-,-,-,-,-,-,fight,[0.05;0.2;0.35;0.5;0.6;0.9;1.0;1.6;2.0;2]
stungun,Stun Gun,Stun Gun,-,-,-,-,"[""Deals 250-350 SkillType.Stun damage to target enemy."", ""Deals 50% of SkillType.Stun damage dealt as damage over time for 3 turns"", ""Also deals 100-150 SkillType.Lightning damage""]",-,-,"{""stun"": ""Take SkillType.Stun damage every turn.""}",-,-,-,-,-,-,-,,[0.01;0.15;2;3;4]
bindingritual,Binding Ritual,Binding,-,-,-,-,"[""Access the Imp Binding skills."", ""Increase Imp attributes by 35% of OWNER.NAME's Wisdom"", ""Imps always hit with skills""]",-,-,"{""channel"": ""Summoning an imp at the beginning of next turn.""}",-,-,-,-,-,-,-,,[0.25;0.5;1.0;2;7]
crushsoul,Crush Soul,Crush Soul,-,-,-,-,"[""Deals 1.35x Power SkillType.MP damage and decreases target's Discipline by 25%."", """", """"]",-,-,"{""discipline_down"": ""Discipline decreased.""}",-,-,-,-,-,-,-,,[0.01;0.15;0.25;1.0]
darkestbargain,Darkest Bargain,Dkst Bargain,-,-,-,-,"[""Revives all downed allies, but they take 10% Max HP SkillType.Physical damage over time, and can no longer bleed out.""]","Revive an ally, but they take SkillType.Physical damage over time and can no longer bleed out.",-,"{""bleed"": ""Take SkillType.Physical damage after every turn."", ""death"": ""Instantly die instead of bleeding out when downed."", ""endurance_up"": ""Endurance increased.""}",-,-,-,-,-,-,-,enemy,-
icyclaws,Icy Claws,Icy Claws,-,-,-,-,"[""Deals SkillType.Physical and SkillType.Ice damage to target, lowers Discipline, and deals SkillType.Ice damage over time.""]",-,-,"{""ice"": ""Take SkillType.Ice damage after every turn."", ""discipline_down"": ""Discipline decreased.""}",-,-,-,-,-,-,-,fight,[0.1;0.65]
pander,Pander,Pander,-,-,-,-,"[""Heals self for 35% of Max HP."", ""50% chance to Taunt enemy front row"", ""Doubles next Finisher damage""]",-,-,"{""pander"": ""Next Finisher damage is doubled.""}",-,-,-,-,-,-,-,,[0.05;0.7;1.0;1.8]
fireshot,Fire Shot,Fire Shot,-,-,-,-,"[""Deals 0.8x Power SkillType.Physical and 0.6x Focus SkillType.Fire damage to target. Three uses per battle."", ""Has a chance to cause 0.6x Focus SkillType.Fire damage per turn for 3 turns"", ""Hits enemies in a column""]",-,-,"{""fire"": ""Take SkillType.Fire damage after every turn.""}",-,-,-,-,-,-,-,,-
newteye,Newt Eye,Newt Eye,-,-,-,-,"[""Deals 50-75 SkillType.Fire damage to target enemy.""]",-,-,"{""newt_eye"": ""One Newt Eye reagent, for use in the Cauldron.""}",-,-,-,-,-,-,-,,-
sweep,Sweep,Sweep,-,-,-,-,"[""Deals 1x Power SkillType.Physical damage to target. Row takes 0.5x Power SkillType.Physical damage."", ""Enemies bleed for 50% SkillType.Physical damage taken for 1 turn"", ""Bleed now lasts 2 turns""]",-,-,"{""bleed"": ""Take SkillType.Physical damage after every turn.""}",-,-,-,-,-,-,-,,[0.5;20.0]
blessing,Blessing,Blessing,-,-,-,-,"[""Bonus Action. Increases attributes of target ally by 20%. Limit one."", ""Target receives 20% increased healing"", ""Target gains 1 Resist after their turn""]",-,-,"{""blessing"": ""All attributes increased."", ""heal_up"": ""Increased healing received."", ""resist_add"": ""Gain 1 Resist after every turn.""}",-,-,-,-,-,-,-,defend,[0.1;0.2;0.6;0.9;1.2;1.35;1.6;2;3]
smokegrenade,Smoke Grenade,S.Grenade,-,-,-,-,"[""Attacks against allies have a 35% chance to miss for two turns. One use."", ""Lasts three turns"", ""Lasts four turns""]",Attacks against allies have a 35% chance to miss for two turns.,-,"{""smoke_grenade"": ""Increased dodge chance.""}",-,-,-,-,-,-,-,,[0.3;0.35;0.36;0.75;35.0;3;2]
intangible,Intangible,Intangible,-,-,-,-,"[""Decreases damage taken by 95% for one turn.""]",-,-,"{""nullify"": ""All damage taken decreased by 95%.""}",-,-,-,-,-,-,-,enemy,[0.05;0.25;0.5;0.8;1.0]
antibiotics,Antibiotics,A.Biotics,-,-,-,-,"[""Dispels all SkillType.Debuff on target every turn.""]",-,-,"{""mun8"": ""Dispels all SkillType.Debuff before every turn.""}",-,-,-,-,-,-,-,,[0.5;0.75;2.0;30.0]
radioactivesludge,Radioactive Sludge,Sludge,-,-,-,-,"[""Causes SkillType.Poison damage after every turn.""]",-,-,"{""poison"": ""Take SkillType.Poison damage after every turn.""}",-,-,-,-,-,-,-,map,[0.05]
blessedwater,Blessed Water,Blessed Wtr,-,-,-,-,"[""Deals 15% Max HP SkillType.Holy damage to Undead enemy."", ""Prevents SkillType.Healing on target Undead enemy"", ""Target Undead enemy dies immediately if Downed""]",-,-,"{""death"": ""Instantly die instead of bleeding out when downed.""}",-,-,-,-,-,-,-,,[3]
lullaby,Lullaby,Lullaby,-,-,-,-,"[""Damage taken by target does not decrease Sleep counter for 3 turns."", ""Damage taken gains 50% piercing if sleeping"", ""Damage taken always critical if sleeping""]",-,-,"{""block_sleep_down"": ""Damage taken does not decrease sleep."", ""block_down"": ""Damage taken gains piercing if sleeping.""}",-,-,-,-,-,-,-,,[0.25;0.5;1.0;3.0;3.25;3.5;2;3]
contrition,Contrition,Contrition,-,-,-,-,"[""Target deals 25% less damage with and takes 1x Focus SkillType.Dark damage after using SkillType.Attack skills. Lasts 5 turns.""]",Target takes 1x Focus SkillType.Dark after SkillType.Attack skill uses.,-,"{""feedback"": ""Take SkillType.Dark damage after using a SkillType.Attack skill."", ""attack_down"": ""Reduced SkillType.Attack skill damage dealt.""}",-,-,-,-,-,-,-,enemy,-
hibernate,Hibernate,Hibernt,-,-,-,-,"[""Fall asleep, but regain 50% of max HP and MP. Automatically wake at turn start if full HP. 3 turn charge."", ""Gain Ambush after use"", ""Automatically activate when critical""]","Fall asleep, but regain 50% of max HP and MP.",-,"{""hp_regen"": ""Restore some HP after every turn."", ""taunt"": ""Forced to attack Effect.Owner.""}",-,-,-,-,-,-,-,,[0.15;0.25;1.0;3]
silvernet,Silver Net,Slv Net,-,-,-,-,"[""Deals 100-150 SkillType.Stun damage for 3 turns. Undead and Beasts also take 100-150 SkillType.Holy damage. One use."", ""35% chance for non-boss target's turn to be interrupted"", ""Target cannot dodge""]",Deals 100-150 SkillType.Stun damage over time.,-,"{""holy"": ""Take SkillType.Holy damage over time."", ""stun"": ""Take SkillType.Stun damage over time."", ""interrupt"": ""35% chance turn is interrupted."", ""dodge_zero"": ""Cannot dodge.""}",-,-,-,-,-,-,-,,[0.2;0.5;35.0;3;2]
taunt,Taunt,Taunt,-,-,-,-,"[""Bonus Action. Forces enemy to target you for 3 turns. No effect on Bosses."", ""Target deals 50% decreased damage to other allies"", ""15% chance that target stumbles in rage""]",Bonus Action. Forces enemy to target you for 3 turns.,-,-,"[""Forced to attack Effect.Owner."", ""Forced to attack Effect.Owner, decreased damage to others."", ""Forced to attack Effect.Owner, decreased damage to others. Chance to lose control.""]",-,-,-,-,-,-,defend,[0.15;0.25;0.5;0.75;1.25;1.5;1.75;2.25;2.4;15.0;30.0;35.0;50.0;7;2;3]
tarpit,Tar Pit,Tar Pit,-,-,-,-,"[""Deals 1x Power SkillType.Physical damage to enemies and resets their turn progress. Half effect on Boss enemies. Five turn charge."", ""Decrease enemy Speed by 50%"", ""50% chance to interrupt non-boss enemy's next action""]",Deals 1x Power SkillType.Physical damage to enemies and resets turn progress.,-,"{""speed_down"": ""Speed decreased."", ""interrupt"": ""50% chance next turn is interrupted.""}",-,-,-,-,-,-,-,,[0.5;2.0;2]
frostshield,Frost Shield,Frost Shld,-,-,-,-,"[""Blocks up to 2x Focus damage on target ally."", ""Ally is immune to SkillType.Stun damage"", ""Ally gains Focus equal to 20% of OWNER.NAME's Focus""]",-,-,"{""focus_up"": ""Focus increased."", ""nullify_stun"": ""Immune to SkillType.Stun damage."", ""block_up"": ""Damage taken decreased."", ""frostbite_reflect"": ""Apply Frostbite to attackers.""}",-,-,-,-,-,-,-,,[0.2;0.25;0.66;0.95;1.0;1.5;3;2;4]
channel,Channel,Channel,-,-,-,-,"[""Channeling the power of the Ancient. Releases a powerful spell if not interrupted by damage."", ""Channeling the power of the Ancient. Releases a powerful spell if not interrupted by damage."", ""Channeling the power of the Ancient. Releases a powerful spell if not interrupted by damage.""]",-,-,"{""channel"": ""Channeling the power of the Ancient to release a powerful spell."", ""speed_up"": ""Speed increased.""}",-,-,-,-,-,-,-,enemy,[0.5;1.0;1.5;2.0;30.0;7;2;3;4;5]
blazingslam,Blazing Slam,Blz Slam,-,-,-,-,"[""Deals SkillType.Fire damage. Pulls an enemy into its body, where it takes SkillType.Poison damage over time until it is digested or broken out.""]",-,-,"{""ingested"": ""Cannot act or be targeted. Deal damage to break free."", ""death"": ""Instantly die instead of bleeding out when downed."", ""ingesting"": ""Deals SkillType.Poison damage to ingested target every turn. Deal damage to break them free.""}",-,-,-,-,-,-,-,enemy,-
assist,Assist,Assist,-,-,-,-,"[""Assist target ally by also attacking their attack targets."", ""Assist target ally by also attacking their attack targets."", ""Assist target ally by also attacking their attack targets.""]",-,-,"{""assist"": ""Automatically attack Effect.Target's attack target."", ""assisted"": ""Effect.Owner will also attack your attack target.""}",-,-,-,-,-,-,-,defend,-
warmup,Warm Up,Warm Up,-,-,-,-,"[""Bonus Action. Increases Speed and Focus by +15. Stacks infinitely.""]",-,-,"{""speed_up"": ""Speed increased."", ""focus_up"": ""Focus increased.""}",-,-,-,-,-,-,-,enemy,[-1.2;0.05;0.07;0.2;0.25;0.3;0.5;0.6;0.7;1.2;2.5;3.1416;15.0;30.0]
carnage,Carnage,Carnage,-,-,-,-,"[""All allies gain 50% turn progress and instability increases. Enemies are confused and gain 100% increased Power.""]",All allies gain 50% turn progress. Enemies are confused and gain 100% increased Power.,-,"{""confused"": ""Forced to attack an ally next turn."", ""power_up"": ""Power increased.""}",-,-,-,-,-,-,-,enemy,[0.015;0.15;0.5;0.65;12.0;26.0;48.0;7;2]
flit,Flit,Flit,-,-,-,-,"[""Swap position and grant target ally 10% Turn Progress."", ""Target gains double dodge chance for 1 turn"", ""Activates Pixie Dust after shifting""]",-,-,"{""dodge_up"": ""Dodge chance doubled.""}",-,-,-,-,-,-,-,defend,[0.04;0.05;10.0;3]
dragunder,Drag Under,Drag Under,-,-,-,-,"[""Deals SkillType.Physical and SkillType.Stun damage. Pulls an enemy under the water, where it takes SkillType.Physical damage over time until it is digested or broken out.""]",-,-,"{""ingested"": ""Cannot act or be targeted. Deal damage to break free."", ""death"": ""Instantly die instead of bleeding out when downed."", ""ingesting"": ""Deals SkillType.Physical damage to ingested target every turn. Deal damage to break them free.""}",-,-,-,-,-,-,-,enemy,[-0.35;0.35;0.6;0.8;1.0;1.5;3;2;4]
battlecry,Battle Cry,Battle Cry,-,-,-,-,"[""Increase ally maximum HP by 350 for 5 turns."", ""Restore MP cost to allies on end"", ""Heals allies for 350 HP on effect end""]",-,-,"{""hp_up"": ""Max HP increased.""}",-,-,-,-,-,-,-,,[0.015;0.1;0.15;0.2;1.0;1.7;16.0]
blinded,Blinded,Blinded,-,-,-,-,"[""Decreases target Technique.""]",-,-,"{""technique_down"": ""Technique decreased.""}",-,-,-,-,-,-,-,city,[0.75]
sleepinggiant,Sleeping Giant,Sleeping Giant,-,-,-,-,"[""Greatly increases Endurance, and restores some HP.""]",-,-,"{""endurance_up"": ""Endurance increased.""}",-,-,-,-,-,-,-,enemy,[0.5]
block,Block,Block,-,-,-,-,"[""The next three times you take damage from SkillType.Attack skills, the damage is negated."", ""Lasts through four times taking damage"", ""Lasts through five times taking damage""]",-,-,-,"[""Nullify the next Effect.Blocks times you take damage from SkillType.Attack skills."", ""Nullify the next Effect.Blocks times you take damage from SkillType.Attack skills."", ""Nullify the next Effect.Blocks times you take damage from SkillType.Attack skills.""]",-,-,-,-,-,-,defend,[5]
salvation,Salvation,Salvation,-,-,-,-,"[""Revive an ally at 35% Max HP next turn. Channeled."", ""Revives ally with 65% Max HP"", ""Ally gains Free Turn""]",-,-,"{""channel"": ""Channeling to revive Effect.Target."", ""revive"": ""Being revived by Effect.Owner.""}",-,-,-,-,-,-,-,defend,[0.1;0.2;0.3;0.35;0.5;0.6;0.65;0.8;0.9;1.25;1.35;1.5;1.7;2.0;30.0;2;3]
gladius,Gladius,Gladius,-,-,-,-,"[""Deals 1x Power SkillType.Physical damage to target. Increases Agility by 25% for one turn."", ""Damage gains 50% more piercing"", ""Decreases target's SkillType.Healing received by 40% for 3 turns.""]",Deals 1x Power SkillType.Physical damage. Increases AGI by 25% for one turn.,-,"{""heal_down"": ""Decreased healing received."", ""agility_up"": ""Agility increased.""}",-,-,-,-,-,-,-,fight,[0.5;1.0;1.25;1.5;2;7]
hotandsteamy,Hot and Steamy,Hot Steamy,-,-,-,-,"[""Deals 1x Power SkillType.Fire damage and decreases target toughness and discipline.""]",-,-,"{""toughness_down"": ""Toughness decreased."", ""discipline_down"": ""Discipline decreased.""}",-,-,-,-,-,-,-,enemy,[0.5;1.0;1.5]
gammawave,Gamma Wave,Gamma Wave,-,-,-,-,"[""Decreases all enemy Speed and Toughness by 15%, and deals 0.5x Focus SkillType.Poison damage over time for 6 turns. Cannot miss.""]","Decreases SPD and TGH by 15%, and deals 0.5x FCS SkillType.Poison damage over time for 6 turns.",-,"{""speed_down"": ""Speed decreased."", ""toughness_down"": ""Toughness decreased."", ""poison"": ""Take SkillType.Poison damage after every turn.""}",-,-,-,-,-,-,-,enemy,[0.5;0.85;1.0;1.5;2.0;3.5;2;3;4]
suppressingfire,Suppressing Fire,Supp.Fire,-,-,-,-,"[""Deals 0.65x Power SkillType.Physical damage and decreases target's Technique by 15%. Always hits."", ""Also deals SkillType.Stun damage"", ""Target's Agility and Speed decreased by 25%""]",Deals 0.65x Power SkillType.Physical damage and decreases target's Technique by 15%.,-,"{""technique_down"": ""Technique decreased."", ""agility_down"": ""Agility decreased."", ""speed_down"": ""Speed decreased.""}",-,-,-,-,-,-,-,,[0.01;0.1;0.15;0.2;0.25;1.0;3]
advance,Advance,Advance,-,-,-,-,"[""Target ally's turn progress is advanced to 100%."", ""Target's speed increased by 10% for 3 turns"", ""Target's next skill deals 25% increased damage or healing""]",-,-,"{""attack_up"": ""Next SkillType.Attack deals increased damage or healing."", ""speed_up"": ""Speed increased.""}",-,-,-,-,-,-,-,fight,[0.25;0.5;0.8;1.1;3;7]
desecrate,Desecrate,Desecrate,-,-,-,-,"[""Enemies take 1x Focus SkillType.Dark damage every turn but costs MP."", ""Enemies take 15% more damage"", ""Costs 25% less MP per turn""]",-,-,"{""desecrate"": ""Desecrate is active."", ""dark"": ""Take SkillType.Dark damage after every turn."", ""block_down"": ""Increased damage taken.""}",-,-,-,-,-,-,-,,[0.15;0.25;1.0;3]
deathshroud,Death Shroud,Death Shrd,-,-,-,-,"[""Bonus Action. Gain Lv. 3 Reap and Dark Bargain skills. Ends at 0 MP. Three turn charge."", ""Gain 100% of Wisdom as Focus while active"", ""Always hit while active""]",Bonus Action. Gain Reap and Dark Bargain. Prevents allies being downed.,-,"{""focus_up"": ""Focus increased."", ""heal_up"": ""Drains MP to restore HP after every turn."", ""death_shroud"": ""Grants access to Reap and Dark Bargain skills until MP reaches 0."", ""no_death"": ""Cannot be downed.""}",-,-,-,-,-,-,-,,[-25.0;0.25;0.5;2;3]
icygrasp,Icy Grasp,Icy Grasp,-,-,-,-,"[""Target takes 1.0x Power SkillType.Ice damage and can no longer bleed out.""]",-,-,"{""death"": ""Instantly die instead of bleeding out when downed.""}",-,-,-,-,-,-,-,enemy,[0.25;0.4;0.5;0.75;1.0]
slimebomb,Slime Bomb,Slime Bomb,-,-,-,-,"[""Deals SkillType.Physical and SkillType.Stun damage to enemies in an area, and decreases their speed."", ""Deals SkillType.Physical and SkillType.Stun damage to enemies in an area, and decreases their speed."", ""Deals SkillType.Physical and SkillType.Stun damage to enemies in an area, and decreases their speed.""]",-,-,"{""speed_down"": ""Speed decreased.""}",-,-,-,-,-,-,-,enemy,[0.75;0.8;1.0]
cauterize,Cauterize,Cauterize,-,-,-,-,"[""Dispels all SkillType.Debuff from target ally. Deals 10% Max HP SkillType.Fire damage to target for each SkillType.Debuff dispelled."", ""Increases target's Toughness by 15% for 3 turns"", ""Increases target's Endurance by 15% for 3 turns""]",Dispels all SkillType.Debuff from an ally. Deals 10% Max HP SkillType.Fire damage for each SkillType.Debuff dispelled.,-,"{""toughness_up"": ""Toughness increased."", ""endurance_up"": ""Endurance increased.""}",-,-,-,-,-,-,-,,[0.6;1.15;2]
bargain,Bargain,Bargain,-,-,-,-,"[""Bonus action. Share 35% of OWNER.NAME's attributes with target ally, but ally skips their turns. One use."", ""Ally deals 25% more damage and healing"", ""Ally has 50% chance to not be downed""]","Bonus action. Share 35% of OWNER.NAME's atts with ally, but ally skips their turns.",-,"{""bargain"": ""Receiving a portion of Effect.Owner's attributes."", ""attack_up"": ""All damage and healing increased."", ""no_death"": ""50% chance to not be downed.""}",-,-,-,-,-,-,-,,[0.25;0.35;50.0;2;3]
haste,Haste,Haste,-,-,-,-,"[""Give one ally an immediate turn and increase their speed by +100 for 5 turns.""]",-,-,"{""speed_up"": ""Speed greatly increased.""}",-,-,-,-,-,-,-,tbreak,-
acidcloud,Acid Cloud,Acid Cloud,-,-,-,-,"[""Deals 0.33x Focus SkillType.Poison damage over time for 3 turns. Stackable. Cannot miss.""]",Deals 0.33x Focus SkillType.Poison damage over time for 3 turns.,-,"{""poison"": ""Take SkillType.Poison damage after every turn.""}",-,-,-,-,-,-,-,defend,-
spellscreen,Spellscreen,Splscreen,-,-,-,-,"[""Blocks up to 1x Focus damage from SkillType.Spell skills."", ""Restores MP for 1x the damage blocked"", ""Deals SkillType.Energy damage to attackers for 1x damage blocked""]",Blocks up to 1x Focus damage from SkillType.Spell skills.,-,-,-,-,-,-,-,-,-,,[0.1;0.25;0.5;2.0;2;3;4]
whiskey,Whiskey,Whiskey,-,-,-,-,"[""Bonus Action. Increases Power and Toughness by 15%, but hero has a 35% chance to lose control. Stackable 5 times."", ""Decreases SkillType.Stun damage taken by 25%"", ""Gain 3 Resist on use""]","Bonus Action. Increases Power and Toughness by 15%, but hero can lose control.",-,"{""confused"": ""Hero sometimes acts on their own."", ""block_stun_up"": ""Decreased SkillType.Stun damage taken."", ""resistance_up"": ""Increased status resistance."", ""power_up"": ""Power increased."", ""toughness_up"": ""Toughness increased.""}",-,-,-,-,-,-,-,,[0.1;0.75;1.0;1.15;2;3]
ooze,Ooze,Ooze,-,-,-,-,"[""Deals SkillType.Poison damage to enemies in an area, and causes SkillType.Poison damage over time."", ""Deals SkillType.Poison damage to enemies in an area, and causes SkillType.Poison damage over time."", ""Deals SkillType.Poison damage to enemies in an area, and causes SkillType.Poison damage over time.""]",-,-,"{""poison"": ""Take SkillType.Poison damage after every turn.""}",-,-,-,-,-,-,-,enemy,[0.8]
meltarmor,Melt Armor,Melt Armr,-,-,-,-,"[""Deals 0.45x Focus SkillType.Fire damage to target enemy. Damage increased based on target's Toughness. Lasts 3 turns."", ""Target takes same SkillType.Fire damage when hit by SkillType.Physical damage"", ""Refreshes duration and stacks up to 3 times""]",Deals 0.45x FCS SkillType.Fire damage to target. Damage increased based on target's TGH.,-,"{""melt_armor"": ""Take SkillType.Fire damage when hit by SkillType.Physical damage.""}",-,-,-,-,-,-,-,,[0.35;0.5;1.0;3.0;2;3;4]
venombite,Venom Bite,Venom Bite,-,-,-,-,"[""Deals 0.5x Power SkillType.Physical damage, and SkillType.Poison damage over time for 3 turns. Stacks."", ""Stacks increase SkillType.Poison damage taken by 15%"", ""Trigger SkillType.Poison damage for all stacks when hit by SkillType.Attack skill""]",Deals 0.5x Power SkillType.Physical damage and SkillType.Poison damage over time.,-,"{""poison"": ""Take SkillType.Poison damage every turn."", ""block_poison_down"": ""SkillType.Poison damage taken is increased.""}",-,-,-,-,-,-,-,,[0.01;0.1;0.15;0.5;1.0;1.5;2;3]
coresurge,Core Surge,Core Surge,-,-,-,-,"[""Doubles Power, Triples Speed, but decreases Toughness by 25% and deals 2% max HP self SkillType.Lightning damage.""]",-,-,"{""toughness_down"": ""Toughness decreased."", ""power_up"": ""Power increased."", ""speed_up"": ""Speed increased.""}",-,-,"Doubles Power, Triples Speed, but decreases Toughness by 25% and deals 2% max HP self SkillType.Lightning damage. Activates at 50% HP.",-,-,-,-,enemy,[0.01;0.05;0.07;0.25;0.3;0.5;0.6;0.7;0.75;1.0;1.5;2.0;2.5;3.0;3.5]
siphonpunch,Siphon Punch,Siphon,-,-,-,-,"[""Deals 1x Power SkillType.Physical and SkillType.MP damage, restoring HP and adding to MP based on damage dealt.""]",-,-,"{""mp_up"": ""Max MP increased.""}",-,-,-,-,-,-,-,enemy,[0.2;0.25;0.4;0.5;0.6;0.8;1.0;1.25;2;3;4]
toxicspores,Toxic Spores,Toxic Spores,-,-,-,-,"[""Deals SkillType.Poison damage over time and reduces healing received."", ""Deals SkillType.Poison damage over time and reduces healing received."", ""Deals SkillType.Poison damage over time and reduces healing received.""]",-,-,"{""poison"": ""Take SkillType.Poison damage after every turn."", ""heal_down"": ""Reduces SkillType.Healing received.""}",-,-,-,-,-,-,-,enemy,[0.5;1.0;1.5;3;2;4]
defend,Defend,Defend,-,-,-,-,"[""Decrease incoming damage by 20% until next turn.""]",-,-,"{""block_up"": ""Incoming damage decreased.""}",-,-,-,-,-,-,-,defend,[0.8]
frostray,Frost Ray,Frost Ray,-,-,-,-,"[""Deals 1.2x Focus SkillType.Ice damage and decreases target Speed by 50% for 1 turn.""]",Deals 1.2x Focus SkillType.Ice damage and decreases target Speed by 50% for 1 turn.,-,"{""speed_down"": ""Speed decreased.""}",-,-,-,-,-,-,-,defend,[0.35;0.5;40.0]
breakbones,Break Bones,Brk Bones,-,-,-,-,"[""Deals 1.35x Power SkillType.Physical damage and lowers target's highest Attribute by 25% for 3 turns."", ""Decreases healing received by 25%"", ""Lasts entire battle""]",Deals 1.35x Power SkillType.Physical damage and lowers target's highest Attribute by 25%.,-,"{""heal_down"": ""Decreased healing received."", ""power_down"": ""Power decreased."", ""toughness_down"": ""Toughness decreased."", ""endurance_down"": ""Endurance decreased."", ""focus_down"": ""Focus decreased."", ""discipline_down"": ""Discipline decreased."", ""wisdom_down"": ""Wisdom decreased."", ""speed_down"": ""Speed decreased."", ""agility_down"": ""Agility decreased."", ""technique_down"": ""Technique decreased.""}",-,-,-,-,-,-,-,,[0.015;0.15;0.2;0.25;0.75;1.0;2]
extort,Extort,Extort,-,-,-,-,"[""Target enemy has a 35% chance for their turn to be interrupted. Lasts until dispelled. No effect on Bosses."", ""Steals one dispellable SkillType.Buff on interrupt"", ""Gain 25% turn progress on interrupt""]",Target enemy has a 35% chance for their turn to be interrupted.,-,"{""interrupt"": ""35% chance turn will be interrupted.""}",-,-,-,-,-,-,-,,[0.5;0.75;1.5;25.0;35.0;2;3]
wound,Wound,Wound,-,-,-,-,"[""Deals 1.35x Power SkillType.Physical damage and decreases target's SkillType.Healing received by 40% for 3 turns."", ""Stacks three times"", ""Decreases target's Endurance by 15%""]",Deals 1.35x Power SkillType.Physical damage and decreases target's SkillType.Healing received by 40%.,-,"{""heal_down"": ""Decreased healing received."", ""endurance_down"": ""Endurance decreased.""}",-,-,-,-,-,-,-,,[0.01;0.15;0.6;0.85;1.0;3]
drainhusk,Drain Husk,Drain Husk,-,-,-,-,"[""Deals Dark damage to an ally husk, and heals self based on damage dealt. Grants target bonus Toughness."", ""Deals Dark damage to an ally husk, and heals self based on damage dealt. Grants target bonus Toughness."", ""Deals Dark damage to an ally husk, and heals self based on damage dealt. Grants target bonus Toughness.""]",-,-,"{""toughness_up"": ""Toughness increased.""}",-,-,-,-,-,-,-,enemy,-
stasis,Stasis,Stasis,-,-,-,-,"[""Reduce non-boss target SPD, AGI, and SkillType.Healing received to 0 until your next turn.""]",-,-,"{""stasis"": ""Enemy agility and speed reduced to zero."", ""heal_nullified"": ""All SkillType.Healing received is negated."", ""agility_zero"": ""Agility reduced to zero."", ""speed_zero"": ""Speed reduced to zero."", ""dodge_down"": ""Cannot dodge.""}",-,-,-,-,-,-,-,tbreak,[0.25;0.5;0.75;1.0;1.1;1.35]
syrette,Syrette,Syrette,-,-,-,-,"[""Decreases taken damage by 50% for an ally. Three uses."", ""Cannot be removed"", ""50% chance to prevent being downed""]",Decreases taken damage by 50% for an ally,-,"{""block_up"": ""Damage taken decreased.""}",-,-,-,-,-,-,-,,[0.25;0.3;0.5;2.0;50.0;3]
disarm,Disarm,Disarm,-,-,-,-,"[""Bonus Action. Deals 0.75x Power SkillType.Physical damage and decreases target's Power by 50% for 1 turn."", ""Also deals SkillType.Stun damage"", ""Lasts 3 turns""]",Bonus Action. Deals 0.75x Power SkillType.Physical damage and decreases target's Power.,-,"{""power_down"": ""Power decreased.""}",-,-,-,-,-,-,-,,[0.15;0.5;1.0;1.5;2.0]
suggestion,Suggestion,Suggestion,-,-,-,-,"[""Target non-boss sleeping enemy wakes up and attacks a random adjacent ally, continuing to attack for 2 turns."", ""Attack deals 50% increased damage"", ""Attack's damage does not affect sleep counters""]",Target non-Boss sleeping enemy wakes up and attacks random adjacent ally for 2 turns.,-,"{""confused"": ""Forced to attack an ally next turn.""}",-,-,-,-,-,-,-,,[1.0;7;3;2]
stalk,Stalk,Stalk,-,-,-,-,"[""Next skill deals 60% increased damage. Cannot be targeted by enemies."", ""Increases Technique by 25%"", ""Increases critical damage by 120%""]",-,-,"{""hide"": ""Cannot be targeted by enemies."", ""attack_up"": ""Next skill deals greatly increased damage."", ""technique_up"": ""Technique increased."", ""crit_damage_up"": ""Critical hit damage increased.""}",-,-,-,-,-,-,-,,-
locustswarm,Locust Swarm,Locusts,-,-,-,-,"[""Deals 0.35x Focus SkillType.Physical and SkillType.MP damage to enemies."", ""Steals MP based on damage dealt"", ""Always hits""]",-,-,"{""bleed"": ""Take SkillType.Physical damage every turn."", ""mp"": ""MP is stolen by Effect.Owner every turn.""}",-,-,-,-,-,-,-,fight,[-0.05;0.75;2.0;3]
zentrance,Zen Trance,Zen Trance,-,-,-,-,"[""Stance. Increases damage and healing by 50% while active. Decreases Speed by 35%."", ""Decreases damage taken by 35%"", ""Increases all attributes by 15%""]",Stance. Increases damage and healing by 50% while active.,-,"{""focus"": ""Zen Trance active."", ""all_up"": ""All attributes increased."", ""block_up"": ""Decreased damage taken."", ""attack_up"": ""Increased damage and healing.""}",-,-,-,-,-,-,-,defend,[-5.0;0.2;0.4;0.5;0.6;0.65;0.8;1.0;1.15;3;2]
haunt,Haunt,Haunt,-,-,-,-,"[""Deals 0.5x Focus SkillType.Dark damage every turn for 3 turns."", ""Damage increases by 25% every turn"", ""Transfers to another enemy on end""]",-,-,"{""haunt"": ""Damage increased every turn. Transferred to another ally on end."", ""dark"": ""Take SkillType.Dark damage after every turn.""}",-,-,-,-,-,-,-,,[0.15;0.25;0.3;0.6;1.35;2.25;3;5]
fairycurse,Fairy Curse,Fairy Curse,-,-,-,-,"[""Target enemy's technique decreased by 50% for 2 turns."", ""Target cannot dodge"", ""Target's SkillType.Healing received decreased by 90%""]",-,-,"{""technique_down"": ""Technique decreased."", ""dodge_zero"": ""Cannot dodge."", ""heal_down"": ""SkillType.Healing received decreased by 90%.""}",-,-,-,-,-,-,-,,[0.1;0.5;2.25;2;3]
freezingwind,Freezing Wind,Frz Wind,-,-,-,-,"[""Causes SkillType.Ice damage after every turn and decreases speed.""]",-,-,"{""ice"": ""Take SkillType.Ice damage after every turn."", ""speed_down"": ""Speed decreased."", ""agility_down"": ""Agility decreased.""}",-,-,-,-,-,-,-,map,[0.05;0.65;1.0]
mark,Mark,Mark,-,-,-,-,"[""Increases target's damage taken by 15%. Limit of one Mark."", ""Target's Agility decreased by 35%"", ""Target's damage taken increased by additional 15%""]",-,-,"{""agility_down"": ""Agility decreased.""}",-,-,-,-,-,-,-,fight,[0.15;0.3;0.35;1.0;3]
regrowth,Regrowth,Regrowth,-,-,-,-,"[""Heals an ally for 0.75x Focus, then 0.3x Focus per turn for 3 turns."", ""Increases target Endurance by 35%"", ""Heals up to 50% more based on target's missing HP""]",-,-,"{""hp_regen"": ""Restore some HP after every turn."", ""endurance_up"": ""Endurance increased.""}",-,-,-,-,-,-,-,,[0.2;0.25;0.35;0.4;0.5;0.8;1.0;1.35;3]
devour,Devour,Devour,-,-,-,-,"[""Deals SkillType.Physical damage. Pulls an enemy inside Sin, where it loses HP over time until it is digested or broken out.""]",-,-,"{""ingested"": ""Cannot act or be targeted. Released when Sin changes its face."", ""death"": ""Instantly die instead of bleeding out when downed."", ""ingesting"": ""Deals SkillType.Physical damage to ingested target every turn. Released when Sin changes its face.""}",-,-,-,-,-,-,-,enemy,[-0.25;0.6;0.8;1.0;1.5]
innerfire,Inner Fire,Inner Fire,-,-,-,-,"[""Increases Speed, Power, and Focus by +12. Stacks infinitely.""]",-,-,"{""speed_up"": ""Speed increased."", ""power_up"": ""Power increased."", ""focus_up"": ""Focus increased.""}",-,-,-,-,-,-,-,enemy,[-1.2;0.05;0.07;0.2;0.25;0.3;0.5;0.6;0.7;1.2;2.5;3.1416;12.0;30.0]
edgehoning,Edge Honing,Edge Honing,-,-,-,-,"[""Decreases target Power.""]",-,-,"{""power_down"": ""Power decreased.""}",-,-,-,-,-,-,-,city,[0.99]
zombiebite,Zombie Bite,Zombie Bite,-,-,-,-,"[""Deals 0.5x Power SkillType.Physical damage and SkillType.Poison damage over time. Stacks."", ""Stacks increase SkillType.Poison damage taken by 15%"", ""Trigger damage for all stacks on hit""]",-,-,"{""poison"": ""Take SkillType.Poison damage every turn."", ""block_poison_down"": ""SkillType.Poison damage taken is increased.""}",-,-,-,-,-,-,-,,-
burningfist,Burning Fist,BurnFist,-,-,-,-,"[""Deals 0.8x Power SkillType.Physical and SkillType.Fire damage to target enemy."", ""Deals 0.4x Power SkillType.Fire damage over time for 3 turns"", ""Damage over time increased to 0.6x Power damage""]",-,-,"{""fire"": ""Take SkillType.Fire damage after every turn.""}",-,-,-,-,-,-,-,,[0.01;0.15;0.5;0.85;1.5;2;3]
restrainingorder,Restraining Order,Restr Order,-,-,-,-,"[""Target enemy cannot directly target Rupert for 2 turns."", ""Decreases target's speed by 35%"", ""50% of direct damage dealt by this enemy is redirected back to them""]",-,-,"{""edict"": ""Cannot directly target Rupert."", ""speed_down"": ""Speed decreased."", ""redirect"": ""50% of damage dealt is redirected back to Effect.Target.""}",-,-,-,-,-,-,-,,[0.5;0.65;2;3;5]
revitalizer,Revitalizer,Revitalizer,-,-,-,-,"[""Heals an ally for 200-300 and 100-150 per turn for 3 turns.""]",-,-,"{""hp_regen"": ""Restore some HP after every turn.""}",-,-,-,-,-,-,-,inventions,[0.2;0.25;0.35;0.4;0.5;0.75]
entomb,Entomb,Entomb,-,-,-,-,"[""Deals 0.45x Focus SkillType.Physical damage and decreases Speed and Agility by 50%. Costs MP every turn. Limit one. Cannot miss."", ""Also deals SkillType.Stun damage"", ""MP cost decreased by 35%""]",Deals 0.45x FCS SkillType.Physical damage and decreases Speed and Agility by 50%. Limit one.,-,"{""agility_down"": ""Agility decreased."", ""speed_down"": ""Speed decreased.""}",-,-,-,-,-,-,-,,[0.1;0.2;0.3;0.5;0.7;2.0;20.0;40.0;2]
rage,Rage,Rage,-,-,-,-,"[""Gain 35% increased Power and Toughness for 5 turns. One use."", ""All taken damage is converted to SkillType.Physical damage"", ""Increases damage dealt by 25%""]",-,-,"{""power_up"": ""Power increased."", ""toughness_up"": ""Toughness_increasd"", ""block_up"": ""Incoming damage converted to SkillType.Physical."", ""attack_up"": ""Dealt damage increased.""}",-,-,-,-,-,-,-,defend,-
nourish,Nourish,Nourish,-,-,-,-,"[""Heals target for 1x FCS HP, clears 3 debuffs, and increases target SPD/POW by +25.""]",-,-,"{""power_up"": ""Power increased."", ""speed_up"": ""Speed increased.""}",-,-,-,-,-,-,-,enemy,[25.0]
subpoena,Subpoena,Subpoena,-,-,-,-,"[""Force a non-Boss enemy to attack an adjacent teammate next turn with a basic attack, if possible."", ""Attack deals 50% increased damage"", ""Effect has 25% chance to persist""]",Force a non-Boss enemy to attack an adjacent teammate next turn.,-,"{""confused"": ""Forced to attack an ally next turn.""}",-,-,-,-,-,-,-,defend,-
arcaneconduit,Arcane Conduit,Arc.Conduit,-,-,-,-,"[""While active, force enemy SkillType.Spell skills to target you. Last 3 turns."", ""Enemies deal 50% less damage with SkillType.Spell skills"", ""Enemies take 1x Focus SkillType.Energy damage on SkillType.Spell use""]",-,-,"{""spell_redirect"": ""SkillType.Spell skills are forced to target to Effect.Owner."", ""arcane_conduit"": ""Enemy SkillType.Spell skills are forced to target to Effect.Owner."", ""backfire"": ""Take SkillType.Energy damage after every SkillType.Spell use."", ""spell_down"": ""Decreased damage dealt with SkillType.Spell.""}",-,-,-,-,-,-,-,,[0.01;0.075;0.175;0.25;0.5;1.0;1.05;1.5;2]
caltrops,Caltrops,Caltrops,-,-,-,-,"[""Deals 100-125 SkillType.Physical damage when enemies use SkillType.Melee skills. Ends after being triggered 5 times."", ""50% chance to interrupt non-boss enemy's skill when triggered"", ""Adds a stack of Envenom when triggered""]",Deals 100-125 SkillType.Physical damage when enemies use SkillType.Melee skills.,-,-,"[""Take SkillType.Physical damage when using a SkillType.Melee skill."", ""Take SkillType.Physical damage when using a SkillType.Melee skill. Chance for skill to be interruped."", ""Take SkillType.Physical damage and gain an Envenom stack when using a SkillType.Melee skill. Chance for skill to be interruped.""]",-,-,-,-,-,-,,[1.0;50.0;2]
hex,Hex,Hex,-,-,-,-,"[""Bonus Action. Target takes 25% more damage from damage over time effects. Cannot be resisted."", ""Removes all resist stacks"", ""Deals 3x Focus SkillType.Dark damage if dispelled""]",-,-,-,"[""Take 25% more damage from damage over time effects."", ""Take 25% more damage from damage over time effects."", ""Take 25% more damage from damage over time effects, and SkillType.Dark damage if dispelled.""]",-,-,-,-,-,-,fight,[0.25;1.0;3.0;3;2;5]
vinegrasp,Vine Grasp,Vine Grasp,-,-,-,-,"[""Deals 0.75x Focus SkillType.Physical and SkillType.Stun damage to target. Lasts 3 turns."", ""Decreases Agility by 35%"", ""Decreases Speed by 35%""]",-,-,"{""bleed"": ""Take SkillType.Physical damage after every turn."", ""stun"": ""Take SkillType.Stun damage after every turn."", ""speed_down"": ""Speed decreased."", ""agility_down"": ""Agility decreased.""}",-,-,-,-,-,-,-,,[0.3;0.5;0.6;0.65;1.0;2;3]
grab,Grab,Grab,-,-,-,-,"[""Pick up a non-boss target. Target cannot act and is dropped on OWNER.NAME's next turn, or when Flight ends, for 1x Speed SkillType.Physical damage."", ""Also deals SkillType.Stun damage"", ""Deals 25% increased damage""]",Target cannot act and takes 1x Speed SkillType.Physical damage on OWNER.NAME's next turn.,-,"{""interrupt"": ""Cannot act and cannot be targeted."", ""physical"": ""Take SkillType.Physical damage at start of Effect.Owner's next turn.""}",-,-,-,-,-,-,-,,[-40.0;-20.0;0.015;0.15;0.2;0.5;1.0;1.2;20.0;40.0]
batsfur,Bat's Fur,Bat's Fur,-,-,-,-,"[""Deals 50-75 SkillType.Dark damage to target enemy.""]",-,-,"{""bats_fur"": ""One Bat's Fur reagent, for use in the Cauldron.""}",-,-,-,-,-,-,-,,-
nirvana,Nirvana,Nirvana,-,-,-,-,"[""Target ally is healed for 3x Focus HP after 3 turns. Stackable 5 times."", ""Target is healed for 0.25x Focus per turn"", ""If target takes fatal damage, remove stack and survive with 1 HP""]",-,-,"{""hp_regen"": ""HP restored when this effect ends.""}",-,-,-,-,-,-,-,defend,[0.05;0.2;0.35;0.5;0.6;1.0;1.6;2.1;3]
hypnosis,Hypnosis,Hypnosis,-,-,-,-,"[""Sleeping enemies lose 15% speed.""]",-,-,"{""speed_down"": ""Speed decreased.""}",-,-,-,-,-,-,-,city,[0.85]
rete,Rete,Rete,-,-,-,-,"[""Deals 150-200 SkillType.Stun damage for 3 turns. One use."", ""35% chance for non-boss target's turn to be interrupted"", ""Target cannot dodge""]",Deals 150-200 SkillType.Stun damage over time.,-,"{""stun"": ""Take SkillType.Stun damage over time."", ""interrupt"": ""35% chance turn is interrupted."", ""dodge_zero"": ""Cannot dodge.""}",-,-,-,-,-,-,-,,[0.2;0.5;35.0;3;2]
entangle,Entangle,Entangle,-,-,-,-,"[""Target becomes rooted, cannot act, and takes 1x Power SkillType.Physical damage after every turn.""]",-,-,"{""bleed"": ""Take SkillType.Physical damage every turn. Damage increases over time."", ""interrupt"": ""Cannot act."", ""rooted"": ""Cannot be shifted.""}",-,-,-,-,-,-,-,enemy,[0.5;3;2;4]
charm,Charm,Charm,-,-,-,-,"[""Force a non-Boss enemy to attack an adjacent teammate next turn with a basic attack, if possible."", ""Attack deals 50% increased damage"", ""Effect has 25% chance to persist""]",Force a non-Boss enemy to attack an adjacent teammate next turn.,-,"{""confused"": ""Forced to attack an ally next turn.""}",-,-,-,-,-,-,-,defend,[25.0;7;3;2;4]
clothesline,Clothesline,Clothesln,-,-,-,-,"[""Deals 1x Power SkillType.Physical and SkillType.Stun damage."", ""Decreases target's Toughness by 15% for 3 turns. Max 3 stacks."", ""Decreases target's Speed by 15%""]",Deals 1x Power SkillType.Physical and SkillType.Stun damage.,-,"{""speed_down"": ""Speed decreased."", ""toughness_down"": ""Toughness decreased.""}",-,-,-,-,-,-,-,fight,[0.01;0.15;0.25;0.85;1.0;2;3]
tear,Tear,Tear,-,-,-,-,"[""Deals 1.35x Power SkillType.Physical damage and decreases target's SkillType.Healing received by 40% for 3 turns."", ""Stacks three times"", ""Decreases target's Endurance by 15%""]",Deals 1.35x Power SkillType.Physical damage and decreases target's SkillType.Healing received by 40%.,-,"{""heal_down"": ""Decreased healing received."", ""endurance_down"": ""Endurance decreased.""}",-,-,-,-,-,-,-,,-
stokefire,Stoke Fire,Stoke,-,-,-,-,"[""Restore 150 MP and Increase Max MP by 150 for 3 turns. Stacks."", ""Restore 40 MP per turn per stack"", ""Becomes a Bonus Action""]",-,-,"{""mp_regen"": ""Restore 40 MP per turn."", ""mp_up"": ""Max MP increased.""}",-,-,-,-,-,-,-,,[-1.2;0.05;0.07;0.2;0.25;0.3;0.5;0.6;0.7;1.2;3.1416;30.0;40.0;3;2]
safeguard,Safeguard,Safeguard,-,-,-,-,"[""Prevents target from being Downed for 3 turns. Channeled."", ""Ally gains 25% of your attributes"", ""OWNER.NAME gains Holy Shield while channeling""]",-,-,"{""channel"": ""Channeling to prevent Effect.Target from being downed."", ""no_death"": ""Cannot be downed.""}",-,-,-,-,-,-,-,,[0.1;0.2;0.25;0.3;0.5;0.6;0.9;0.95;1.35;1.5;1.6;2;7;3]
spiritwalk,Spirit Walk,SprtWalk,-,-,-,-,"[""All damage taken is converted into SkillType.MP damage for 1 turn."", ""Restore 25% of missing MP on end"", ""Gain 3 Resist stacks on use""]",-,-,"{""spirit_walk"": ""All damage taken is converted into SkillType.MP damage.""}",-,-,-,-,-,-,-,,[0.15;0.25;0.5;1.0;3;2]
darkshroud,Dark Shroud,Dark Shroud,-,-,-,-,"[""Increases ally dodge chance for three turns, while draining MP to restore HP per turn."", ""Increases ally dodge chance for three turns, while draining MP to restore HP per turn."", ""Increases ally dodge chance for three turns, while draining MP to restore HP per turn.""]",-,-,"{""smoke_grenade"": ""Increased dodge chance."", ""hp_regen"": ""Drains MP to restore HP after every turn.""}",-,-,-,-,-,-,-,enemy,[-0.5;0.25;1.0;2.0;25.0]
inspire,Inspire,Inspire,-,-,-,-,"[""Bonus Action. Share 2% of OWNER.NAME's attributes with all allies for each stack of Heroism, until OWNER.NAME's next turn."", ""Allies gain turn progress for each stack of Heroism"", ""Heals allies by 1% missing HP for each stack of Heroism""]",Bonus Action. Share 2% of attributes for each stack of Heroism.,-,"{""all_up"": ""Receiving a portion of Effect.Owner's attributes.""}",-,-,-,-,-,-,-,,[0.01;0.25;0.65;1.0;15.0;2;3]
consecrate,Consecrate,Consecrate,-,-,-,-,"[""Enemies take 1x Focus SkillType.Holy damage every turn but costs MP."", ""Enemies deal 35% less damage"", ""Costs 25% less MP per turn""]",-,-,"{""consecrate"": ""Consecrate is active."", ""holy"": ""Take SkillType.Holy damage after every turn."", ""attack_down"": ""Decreased damage dealt.""}",-,-,-,-,-,-,-,,[0.25;0.65;1.0;3]
drawsoul,Draw Soul,DrawSoul,-,-,-,-,"[""Revive ally as an uncontrollable Spirit. Spirit is immune to damage and can't be targeted. Take SkillType.MP damage on Ally's turn."", ""Decreased MP damage taken"", ""Now a Bonus Action""]",Revive ally as an uncontrollable Spirit. Lose MP every turn.,-,"{""confused"": ""Hero acts on their own."", ""all_up"": ""All attributes increased."", ""block_up"": ""Decreased damage taken."", ""attack_up"": ""Increased damage and healing.""}",-,-,-,-,-,-,-,,[0.15;0.25;0.75;1.0;32.0;3;2]
scrap,Scrap,Scrap,-,-,-,-,"[""Deals 0.85x Power SkillType.Physical damage to an enemy, with one additional random effect."", ""Adds 3x Damage as a possible effect"", ""Adds 2 random effects""]",-,-,"{""bleed"": ""Take SkillType.Physical damage after every turn."", ""power_down"": ""Power decreased."", ""toughness_down"": ""Toughness decreased."", ""speed_down"": ""Speed decreased.""}",-,-,-,-,-,-,-,fight,-
ravenous,Ravenous,Ravenous,-,-,-,-,"[""Increases Power, Endurance, and Speed for an ally husk, and grants life steal on SkillType.Melee damage."", ""Increases Power, Endurance, and Speed for an ally husk, and grants life steal on SkillType.Melee damage."", ""Increases Power, Endurance, and Speed for an ally husk, and grants life steal on SkillType.Melee damage.""]",-,-,"{""power_up"": ""Power increased."", ""endurance_up"": ""Endurance increased."", ""speed_up"": ""Speed increased."", ""life_steal"": ""HP steal when dealing SkillType.Melee damage.""}",-,-,-,-,-,-,-,enemy,[0.15;0.25;0.5;0.75;1.0;3.0;5]
growl,Growl,Growl,-,-,-,-,"[""Increases Power, Speed, and Technique for all allies.""]",-,-,"{""power_up"": ""Power increased."", ""speed_up"": ""Speed increased."", ""technique_up"": ""Technique increased.""}",-,-,-,-,-,-,-,enemy,[0.015;0.1;0.15;0.2;1.0;1.25;2.0;16.0]
amplify,Amplify,Amplify,-,-,-,-,"[""Doubles an ally's Power and Focus for one turn.""]",-,-,"{""power_up"": ""Power doubled."", ""focus_up"": ""Focus doubled.""}",-,-,-,-,-,-,-,drone,[0.2;0.4;0.6;1.2]
poisonspray,Poison Spray,Psn Spray,-,-,-,-,"[""Deals SkillType.Poison damage to all enemies, and SkillType.Poison damage over time."", ""Deals SkillType.Poison damage to all enemies, and SkillType.Poison damage over time."", ""Deals SkillType.Poison damage to all enemies, and SkillType.Poison damage over time.""]",-,-,"{""poison"": ""Take SkillType.Poison damage after every turn.""}",-,-,-,-,-,-,-,,-
coagulate,Coagulate,Coagulate,-,-,-,-,"[""Target enemy takes up to 0.5x Focus added SkillType.Dark damage when hit."", ""All damage taken by enemy gains 50% more piercing"", ""All damage taken by enemy charges Blood Essence""]",-,-,"{""coagulate"": ""Take added SkillType.Dark damage when hit.""}",-,-,-,-,-,-,-,,[0.25;0.4;0.5;1.0;3]
blindingpowder,Blinding Powder,Blind Powder,-,-,-,-,"[""Decreases target's chance to hit with next skill by 80%."", ""Lasts for three skills"", ""Lasts for five skills""]",-,-,"{""accuracy_down"": ""Next skill's chance to hit decreased by 80%.""}",-,-,-,-,-,-,-,,[0.2;1.0;2;3;4]
enragebeast,Enrage Beast,Enrage,-,-,-,-,"[""Increases Power, Endurance, and Speed for a beast ally. Grants Free Turn."", ""Increases Power, Endurance, and Speed for a beast ally. Grants Free Turn."", ""Increases Power, Endurance, and Speed for a beast ally. Grants Free Turn.""]",-,-,"{""power_up"": ""Power increased."", ""endurance_up"": ""Endurance increased."", ""speed_up"": ""Speed increased.""}",-,-,-,-,-,-,-,enemy,[0.15;0.75;1.5;2.5;3.0]
energizer,Energizer,Energizer,-,-,-,-,"[""Increases target's attributes by 50% for 1 turn and grants 50% turn progress.""]",-,-,"{""all_up"": ""All attributes increased.""}",-,-,-,-,-,-,-,inventions,[0.5;1.5;50.0]
bunker,Bunker,Bunker,-,-,-,-,"[""Blocks up to 5x Toughness SkillType.Ranged damage taken by the party. One use per battle."", ""Blocks up to 7x Toughness damage"", ""Also blocks 20% of SkillType.Melee damage""]",-,-,-,"[""Blocks Effect.HP SkillType.Ranged damage taken by the party."", ""Blocks Effect.HP SkillType.Ranged damage taken by the party."", ""Blocks Effect.HP SkillType.Ranged and partial SkillType.Melee damage taken by the party.""]",-,-,-,-,-,-,,-
flamerush,Flame Rush,Flm Rush,-,-,-,-,"[""Deals 0.5x Power SkillType.Physical and 1.0x Focus SkillType.Fire damage, and deals 0.5x Focus SkillType.Fire damage every turn.""]",-,-,"{""fire"": ""Take SkillType.Fire damage after every turn.""}",-,-,-,-,-,-,-,enemy,[0.01;0.1;0.15;0.2;0.25;0.3;0.4;0.6;0.85]
flamejet,Flame Jet,Flame Jet,-,-,-,-,"[""Deals 1x Focus SkillType.Fire damage to target enemies."", ""Also deals 0.5x Focus SkillType.Fire damage over time for 2 turns"", ""Increases SkillType.Fire damage taken by 35%""]",-,-,"{""fire"": ""Take SkillType.Fire damage after every turn.""}",-,-,-,-,-,-,-,,[0.25;0.35;0.4;0.5;0.85;1.5;2.0;2.5;2;3;4]
rum,Rum,Rum,-,-,-,-,"[""Bonus Action. Increases Toughness and Agility by 15%, but hero has a 35% chance to lose control. Stackable 5 times."", ""Increases dodge chance by 15%"", ""Increases critical hit damage by 15%""]","Bonus Action. Increases Toughness and Agility by 15%, but hero can lose control.",-,"{""confused"": ""Hero sometimes acts on their own."", ""crit_chance_up"": ""Crit chance increased."", ""crit_damage_up"": ""Crit damage increased."", ""toughness_up"": ""Toughness increased."", ""dodge_up"": ""Dodge chance increased."", ""agility_up"": ""Agility increased.""}",-,-,-,-,-,-,-,,[0.1;0.15;1.0;1.15;2;3]
solidify,Solidify,Solidify,-,-,-,-,"[""Increases Toughness. Stacks infinitely."", ""Increases Toughness. Stacks infinitely."", ""Increases Toughness. Stacks infinitely.""]",-,-,"{""toughness_up"": ""Toughness increased.""}",-,-,-,-,-,-,-,enemy,[0.25;0.4;0.45;0.5;0.95;1.0;2.5;4.0;20.0]
imbue,Imbue,Imbue,-,-,-,-,"[""Target ally gains copy of OWNER.NAME's relics for the rest of battle. Cannot add duplicates. Three turn charge."", ""Target's HP and MP are fully restored"", ""Target gains Free Turn""]",Ally gains copy of your relics for the rest of battle.,-,"{""imbued"": ""Granted a copy of Effect.Owner's relics.""}",-,-,-,-,-,-,-,,-
chainsaw,Chainsaw,Chainsaw,-,-,-,-,"[""Deals 200-250 piercing SkillType.Physical damage to target enemy. Three uses per battle."", ""Damage increased randomly up to 5-10% of target's current HP"", ""Halves target's healing received""]",-,-,"{""heal_down"": ""Decreased healing received.""}",-,-,-,-,-,-,-,,[0.004;0.05;0.1;0.2;0.35;0.4;0.45;0.5;0.6;0.7;0.8;1.25;1.75;2.0;12.0;16.0;38.0;3;2]
showoff,Show Off,Show Off,-,-,-,-,"[""Deals 0.5x Focus SkillType.Energy damage and decreases target Technique by 20%.""]",-,-,"{""technique_down"": ""Technique decreased.""}",-,-,-,-,-,-,-,enemy,[0.1;0.25;0.3;0.7;0.75;0.95;1.0]
beartrap,Bear Trap,Bear Trap,-,-,-,-,"[""Target's next turn is interrupted. Cannot be resisted. One use. No effect on Bosses."", ""Target takes 35% HP SkillType.Physical damage when turn is interrupted by trap"", ""50% chance to not be removed""]",-,-,"{""interrupt"": ""Next turn is interrupted.""}",-,-,-,-,-,-,-,,[0.4;0.6;1.0;1.6;2.0;3]
adrenalinerush,Adrenaline Rush,Adren. Rush,-,-,-,-,"[""Bonus Action. Staggers 50% of damage taken until next turn."", ""Increases Power by 50%"", ""Increases Toughness by 50%""]",-,-,"{""toughness_up"": ""Toughness increased."", ""power_up"": ""Power increased."", ""adrenaline"": ""Damage taken is staggered into future turns.""}",-,-,-,-,-,-,-,,-
edict,Edict,Edict,-,-,-,-,"[""Non-boss enemies' next skills cannot target your party. Three turn charge."", ""Steals 50% of target's MP for allies when effect ends"", ""Removes all of target's SkillType.Buff when effect ends""]",-,-,-,"[""Next skill cannot target opposing party."", ""Next skill cannot target opposing party. MP stolen when effect ends."", ""Next skill cannot target opposing party. MP stolen on end. SkillType.Buff removed on end.""]",-,-,-,-,-,-,,[0.25;0.8;1.2;2.0]
brewingstorm,Brewing Storm,Brewing Storm,-,-,-,-,"[""Enemies take 1x Focus SkillType.Lightning damage every turn, but costs MP.""]",-,-,"{""brewing_storm"": ""Brewing Storm is active."", ""lightning"": ""Take SkillType.Lightning damage after every turn.""}",-,-,-,-,-,-,-,enemy,[0.1;0.15;0.25;1.0;1.15]
recklessattack,Reckless Attack,Reckless Atk,-,-,-,-,"[""Deals 1.5x Power SkillType.Physical damage, but increases damage taken by 35%. Damage debuff stacks."", ""Turn delay reduced by 25%"", ""Always deals critical damage""]","Deals 1.5x Power SkillType.Physical damage, but increases damage taken by 35%.",-,"{""block_down"": ""Damage taken increased.""}",-,-,-,-,-,-,-,fight,[0.35;2;3]
screech,Screech,Screech,-,-,-,-,"[""Deals 1x Focus SkillType.Sonic damage and increases MP cost of target's next skill by 250%. Cannot miss."", ""35% chance for target's next skill with an MP cost to miss"", ""35% chance for target's next skill with an MP cost to fail""]",Deals 1x Focus SkillType.Sonic damage and increases cost of target's next MP skill.,-,-,"[""MP cost of next MP skill increased."", ""MP cost of next MP skill increased. 35% chance to miss."", ""MP cost of next MP skill increased. 35% chance to miss. 35% chance to fail.""]",-,-,-,-,-,-,fight,[0.015;0.15;0.35;0.5;0.65;1.5;26.0;35.0;2;3]
frozenbomb,Frozen Bomb,Frozen Bomb,-,-,-,-,"[""Deals SkillType.Ice damage to enemies in an area, and decreases their speed.""]",-,-,"{""speed_down"": ""Speed decreased.""}",-,-,-,-,-,-,-,enemy,[0.5;0.7;0.8]
possession,Possession,Possession,-,-,-,-,"[""Share 50% of all attributes with target non-undead ally for three turns. Kiara cannot take damage while active. Five turn charge."", ""Ally deals bonus 35% SkillType.Sonic damage with hits"", ""Grants Free Turn to ally""]",Share 50% of attributes with non-undead ally. Kiara cannot take damage.,-,"{""hide"": ""Cannot take damage."", ""all_up"": ""All attributes increased.""}",-,-,-,-,-,-,-,,[0.15;0.35;1.0;2.0;2]
anthem,Anthem,Anthem,-,-,-,-,"[""Song. Increases Speed and Agility by 20% of OWNER.NAME's Technique for all allies."", ""Increases critical hit damage by 25%"", ""Increases chance to dodge by 15%""]",-,-,"{""speed_up"": ""Speed increased."", ""agility_up"": ""Agility increased."", ""crit_damage_up"": ""Critical hit damage increased."", ""dodge_up"": ""Dodge chance increased.""}",-,-,-,-,Song. Increases Speed and Agility by 20% of Technique for all allies.,-,-,,[0.15;0.25;0.5;1.0;1.25;1.5;2.25;15.0;3;2]
motiontracker,Motion Tracker,Motion Trk,-,-,-,-,"[""Bonus Action. Increases target's damage taken by 15%. Limit of one."", ""Target's Agility decreased by 35%"", ""Target's damage taken increased by additional 15%""]",-,-,"{""agility_down"": ""Agility decreased.""}",-,-,-,-,-,-,-,fight,-
rend,Rend,Rend,-,-,-,-,"[""Deals SkillType.Physical damage over time to an entire row.""]",-,-,"{""bleed"": ""Take SkillType.Physical damage every turn.""}",-,-,-,-,-,-,-,fight,[3]
shotgunblast,Shotgun Blast,Shotgun,-,-,-,-,"[""Deals 1.25x Power SkillType.Physical damage to enemies in the front row. Two uses."", ""Also deals SkillType.Stun damage"", ""Deals 50% increased damage""]",-,-,-,-,-,-,-,-,-,-,,[0.025;0.15;2]
rekindle,Rekindle,Rekindle,-,-,-,-,"[""SkillType.Attack skills gain SkillType.Fire damage up to 1x current MP. Sets MP to maximum. Three turn charge. Ends if MP reaches zero."", ""Increases Speed by MP while active"", ""Always hit with SkillType.Attack skills while active""]",Bonus Action. Adds SkillType.Fire damage to SkillType.Attack up to 1x current MP. Sets MP to maximum.,-,"{""fire_add"": ""SkillType.Attack skills also deal SkillType.Fire damage."", ""speed_up"": ""Speed increased."", ""no_miss"": ""SkillType.Attack skills cannot miss.""}",-,-,-,-,-,-,-,,[-1.0;0.5;0.9;1.0;3;2]
darkprism,Dark Prism,Prism,-,-,-,-,"[""Target cannot act, buffs are dispelled, SkillType.Healing is converted to SkillType.Dark damage. Lasts 3 turns, or until broken by SkillType.Healing taken.""]","Target cannot act, dispel buffs, SkillType.Healing is converted to SkillType.Dark damage.",-,"{""agility_zero"": ""Agility reduced to zero."", ""interrupt"": ""Cannot act.""}",-,-,-,-,-,-,-,enemy,[0.25;0.4;0.5;1.0;2.0;2.25;2;3;4]
toadcap,Toad Cap,Toad Cap,-,-,-,-,"[""Deals 50-75 SkillType.Poison damage to target enemy.""]",-,-,"{""toad_cap"": ""One Toad Cap reagent, for use in the Cauldron.""}",-,-,-,-,-,-,-,,-
dokunoken,Dokunoken,Dokunoken,-,-,-,-,"[""Deals 1.5x POW SkillType.Physical damage to target row. Targets take 1.5x POW SkillType.Physical and SkillType.Poison damage per turn for 2 turns. Cannot be resisted.""]",-,-,"{""bleed"": ""Take SkillType.Physical damage every turn."", ""poison"": ""Take SkillType.Poison damage every turn.""}",-,-,-,-,-,-,-,enemy,[0.2;0.5;1.0;1.5;20.0;3]
observe,Observe,Observe,-,-,-,-,"[""Bonus Action. Target deals 50% less damage to you. Limit of 1."", ""If Lawbreaker, has 50% chance to miss Samuel"", ""If Lawbreaker, damage dealt charges Posse twice as fast""]",Bonus Action. Target deals 50% less damage to you. Limit of 1.,-,"{""observe"": ""Deal 50% less damage to Samuel.""}",-,-,-,-,-,-,-,fight,[0.2;0.25;3]
balancedtools,Balanced Tools,BalanceTls,-,-,-,-,"[""Decreases target Wisdom.""]",-,-,"{""wisdom_down"": ""Wisdom decreased.""}",-,-,-,-,-,-,-,city,[0.75]
spikebomb,Spike Bomb,Spike Bomb,-,-,-,-,"[""Deals 150-200 SkillType.Physical damage and 75-100 SkillType.Physical damage over time for 3 turns.""]",-,-,"{""bleed"": ""Take SkillType.Physical damage after every turn.""}",-,-,-,-,-,-,-,inventions,[-15.0;0.5;1.0;2.0;15.0;2;3;4]
poisonclaws,Poison Claws,Psn Claws,-,-,-,-,"[""Deals 0.75x Power SkillType.Poison damage, and damage over time. Hits 2 times.""]",-,-,"{""poison"": ""Take SkillType.Poison damage after every turn."", ""toughness_down"": ""Endurance decreased.""}",-,-,-,-,-,-,-,enemy,[0.1;0.4;0.5;0.9;1.0;1.5]
enrage,Enrage,Enrage,-,-,-,-,"[""Increases SkillType.Physical damage that you deal and take by 50% for 5 turns."", ""Increases Speed by 25%"", ""Damage taken penalty reduced to 25%""]",-,-,"{""attack_up"": ""SkillType.Physical damage dealt increased."", ""block_physical_down"": ""SkillType.Physical damage taken increased."", ""speed_up"": ""Speed increased."", ""technique_up"": ""Technique increased.""}",-,-,-,-,-,-,-,,[0.2;0.25;0.4;0.5;0.6;1.0;1.25;2;3]
hide,Hide,Hide,-,-,-,-,"[""Cannot be directly targeted by enemies and decreases damage taken by 50% for 1 turn."", ""Decreases damage taken by 75%"", ""Dispels all SkillType.Debuff on use""]",Cannot be directly targeted and decreases damage taken by 50% for 1 turn.,-,"{""hide"": ""Cannot be targeted and damage taken reduced.""}",-,-,-,-,-,-,-,,[0.15;0.25;0.5;0.8;1.0;3;2]
pounce,Pounce,Pounce,-,-,-,-,"[""Prevent a non-boss enemy from acting and Rake them for 3 turns. Cannot be targeted while active. Requires Stalk. 3 turn charge."", ""Dispel a SkillType.Buff on target for each hit while active"", ""Increases damage by 25% while active""]",Prevent a non-boss enemy from acting and Rake them for 3 turns. Requires Stalk.,-,"{""interrupt"": ""Next turn is interrupted."", ""attack_up"": ""Damage dealt increased."", ""pounce"": ""Rake target every turn.""}",-,-,-,-,-,-,-,,[-0.5;0.25;0.5;0.75;1.0;3;2]
strategize,Strategize,Strategize,-,-,-,-,"[""Song. Increases Speed and Technique by 20% of OWNER.NAME's Wisdom for all allies."", ""Allies take 25% decreased SkillType.Sleep damage"", ""Allies take 25% decreased SkillType.Stun damage""]",-,-,"{""speed_up"": ""Speed increased."", ""technique_up"": ""Technique increased."", ""block_sleep_up"": ""SkillType.Sleep damage taken decreased."", ""block_stun_up"": ""SkillType.Stun damage taken decreased.""}",-,-,-,-,-,-,-,,[0.75;2;3]
voidbite,Void Bite,Void Bite,-,-,-,-,"[""Deals 1x Power SkillType.Dark damage and target cannot heal for 3 turns""]",-,-,"{""heal_nullified"": ""All SkillType.Healing received is negated.""}",-,-,-,-,-,-,-,enemy,[0.1;0.5;0.66;3]
timedcharge,Timed Charge,Time Chrg,-,-,-,-,"[""After two turns, deals 200-250 SkillType.Physical damage to all enemies. One use."", ""Also deals SkillType.Stun damage to enemies"", ""Decreased turn delay""]","After two turns, deals 200-250 SkillType.Physical damage to all enemies.",-,"{""timed_charge"": ""Deals SkillType.Physical damage to enemies after 2 turns.""}",-,-,-,-,-,-,-,,[0.4;0.45;0.5;0.6;1.6;2.0;4.0;3]
burn,Burn,Burn,-,-,-,-,"[""Deals 0.35x Focus SkillType.Fire damage immediately and over time for 3 turns. Max 3 stacks."", ""Refreshes all stacks on hit"", ""Max 5 stacks""]",Deals 0.35x Focus SkillType.Fire damage immediately and over time for 3 turns.,-,"{""fire"": ""Take SkillType.Fire damage after every turn.""}",-,-,-,-,-,-,-,enemy,[0.85;2;3;4]
flight,Flight,Flight,-,-,-,-,"[""Replace Guard Strike and Penance with Strafe and Grab. Become untargetable for 3 turns. Three turn charge."", ""Increases Speed by 50%"", ""Increases Power by 50%""]",Replace primary skills with Strafe and Grab. Become untargetable for 3 turns.,-,"{""flight"": ""Cannot be targeted by anyone."", ""speed_up"": ""Speed increased."", ""power_up"": ""Power increased.""}",-,-,-,-,-,-,-,,[-20.0;0.15;0.5;1.0;1.5;2;3]
energywave,Energy Wave,Energy Wave,-,-,-,-,"[""Sacrifice 20% of current HP. Deals 1.3x Focus SkillType.Energy damage to enemies in the front row."", ""Decreases target Technique by 25% for 2 turns"", ""Hits all enemies""]",Sacrifice 20% HP. Deals 1.3x Focus SkillType.Energy damage.,-,"{""technique_down"": ""Technique decreased.""}",-,-,-,-,-,-,-,,[0.015;0.15;0.2;0.5;0.65;1.5;26.0;3;2]
strangespores,Strange Spores,Spores,-,-,-,-,"[""Force a non-Boss enemy to attack their ally next turn.""]",Force a non-Boss enemy to attack their ally next turn.,-,"{""confused"": ""Forced to attack an ally next turn.""}",-,-,-,-,-,-,-,enemy,[1.0;7;2;3]
drainingcloud,Draining Cloud,Draining Cloud,-,-,-,-,"[""Causes SkillType.MP damage after every turn.""]",-,-,"{""mp"": ""Take SkillType.MP damage after every turn.""}",-,-,-,-,-,-,-,map,[0.2]
gore,Gore,Gore,-,-,-,-,"[""Deals SkillType.Physical damage, causes bleeding, and decreases SkillType.Healing received."", ""Deals SkillType.Physical damage, causes bleeding, and decreases SkillType.Healing received."", ""Deals SkillType.Physical damage, causes bleeding, and decreases SkillType.Healing received.""]",-,-,"{""bleed"": ""Take SkillType.Physical damage every turn."", ""heal_down"": ""Decreased SkillType.Healing received.""}",-,-,-,-,-,-,-,fight,[0.01;0.1;0.15;0.2;0.75;1.0;3;5]
tinker,Tinker,Tinker,-,-,-,-,"[""Target ally deals 25% increased damage or healing with SkillType.Gadget skills for 3 turns."", ""Restores one use for all of target's SkillType.Gadget skills"", ""Also hits adjacent targets""]",-,-,"{""gadget_up"": ""SkillType.Gadget skill damage and healing increased.""}",-,-,-,-,-,-,-,,[0.25;1.25;2;3]
loudspeakers,Loud Speakers,LoudSpkr,-,-,-,-,"[""Decreases target Toughness or Discipline at random.""]",-,-,"{""toughness_down"": ""Toughness decreased."", ""discipline_down"": ""Discipline decreased.""}",-,-,-,-,-,-,-,city,-
strangemoonlight,Strange Moonlight,Moonlight,-,-,-,-,"[""Beasts and Undead take 20% reduced damage, deal 20% increased damage, and gain 25% increased speed.""]",-,-,"{""attack_up"": ""Damage dealt increased by 20%."", ""block_up"": ""Damage taken decreased by 20%."", ""speed_up"": ""Speed increased.""}",-,-,-,-,-,-,-,map,[0.2;0.8;1.25]
alarm,Alarm,Alarm,-,-,-,-,"[""Grants a random ally a Free Turn. Three turn charge, starts charged."", ""Increases all allies' Speed by 100% for 1 turn"", ""Gain 33% charge if an enemy is summoned mid-battle""]",Grants a random ally a Free Turn.,-,"{""speed_up"": ""Speed increased.""}",-,-,-,-,-,-,-,,[0.2;0.4;0.5;0.6;1.0;3]
cryoshot,Cryo Shot,Cryo Shot,-,-,-,-,"[""Deals 1x Power SkillType.Ice damage to target enemy."", ""Non-boss target becomes frozen and cannot act or dodge for 2 turns"", ""Target takes 30-40 piercing SkillType.Ice damage when hit""]",-,-,"{""ice"": ""Take SkillType.Ice damage when hit."", ""dodge_zero"": ""Cannot dodge."", ""interrupt"": ""Cannot act.""}",-,-,-,-,-,-,-,enemy,[0.2;0.25;0.35;0.5;0.7;0.8;0.85;1.0;3.0;3]
amputate,Amputate,Amputate,-,-,-,-,"[""Revives an ally with 35% Max HP, but reduces target's attributes by 25% for the rest of battle."", ""Only lasts 3 turns"", ""Can be dispelled""]","Revives an ally with 35% Max HP, but reduces target's attributes by 25%.",-,"{""all_down"": ""All attributes decreased.""}",-,-,-,-,-,-,-,,[0.25;0.35;0.75;2;3]
healbeam,Heal Beam,Heal Beam,-,-,-,-,"[""Heals critical ally with the lowest HP for 1x Focus."", ""Heals for 0.5x Focus for three turns"", ""Reduced turn delay after use""]",-,-,"{""hp_regen"": ""Restore some HP at the start of every turn.""}",-,-,-,-,-,-,-,fight,[0.2;0.25;0.4;0.5;0.6;1.0;3;2]
preparefood,Prepare Food,Prep Food,-,-,-,-,"[""Channeled. Spend turn preparing a meal for Serve Meal. Stack up to 10 meals."", ""Decreases damage taken by 35% while active"", ""Counter with Throw Knife after being hit""]",-,-,"{""channel"": ""Preparing a meal."", ""block_up"": ""Decreased damage taken."", ""counter"": ""Counter attack with Throw Knife if hit.""}",-,-,-,-,-,-,-,,[0.65;1.0;26.0;50.0;2;8;3]
renewal,Renewal,Renewal,-,-,-,-,"[""Heals target for 0.5x Focus every turn for 3 turns."", ""Healing increased by 25% every turn"", ""Transfers to another ally and renews duration on end""]",-,-,"{""renewal"": ""Healing increased every turn. Transferred to another ally on end."", ""hp_regen"": ""Restore some HP after every turn.""}",-,-,-,-,-,-,-,,[0.1;0.2;0.25;0.3;0.5;0.6;0.75;0.8;0.9;0.95;1.0;1.5;1.6;2;3;4]
venomlibrary,Venom Library,Venom Lib,-,-,-,-,"[""Decreases target Endurance.""]",-,-,"{""endurance_down"": ""Endurance decreased.""}",-,-,-,-,-,-,-,city,[0.99]
bloodtrance,Blood Trance,Bld Trnc,-,-,-,-,"[""Deal 35% increased damage with SkillType.Attack skills but lose 20% HP every turn. Togglable."", ""Heal by 25% of damage dealt with SkillType.Attack skills"", ""Activates at start of battle""]",Deal 35% increased damage with SkillType.Attack skills but lose HP every turn. Togglable.,-,"{""blood_trance"": ""Deal more damage with SkillType.Attack skills. Lose HP each turn."", ""life_steal"": ""Next SkillType.Attack restores HP by 33% of damage dealt.""}",-,-,-,-,-,-,-,defend,[-0.2;0.1;0.2;0.25;0.3;0.35;0.5;0.85;0.95;1.25;1.5;2;3]
biobomb,Biobomb,Biobomb,-,-,-,-,"[""Deals 75-125 SkillType.Poison damage, and 75-125 per turn for 5 turns. Always hits. One use per battle."", ""Reduces enemy healing by 50%"", ""Enemies take 15% more damage""]",Deals 75-125 SkillType.Poison damage for 5 turns. Always hits.,-,"{""poison"": ""Take SkillType.Poison damage after every turn."", ""heal_down"": ""All SkillType.Healing taken is decreased by 50%."", ""block_down"": ""Take 15% increased damage.""}",-,-,-,-,-,-,-,,[0.15;0.5;1.5;2;3]
absorb,Absorb,Absorb,-,-,-,-,"[""Absorbs an adjacent ally and gains 100% of their Endurance, Toughness, Power, and HP.""]",-,-,"{""power_up"": ""Power increased."", ""endurance_up"": ""Endurance increased."", ""toughness_up"": ""Toughness increased.""}",-,-,-,-,-,-,-,enemy,[0.8]
chaosspores,Chaos Spores,Chaos Spores,-,-,-,-,"[""Causes debilitating effects to enemy party.""]",-,-,"{""confused"": ""Hero acts on their own."", ""speed_down"": ""Speed greatly decreased."", ""agility_down"": ""Agility greatly decreased."", ""no_freeturn"": ""Cannot receive Free Turns."", ""sleep"": ""Take SkillType.Sleep damage after every turn."", ""attack_down"": ""Damage dealt decreased."", ""poison"": ""Take SkillType.Poison damage after every turn."", ""heal_down"": ""Decreased healing received.""}",-,-,-,-,-,-,-,enemy,[0.1;0.2;0.25;0.5;1.75;2.0;7;2]
stimulants,Stimulants,Stimulants,-,-,-,-,"[""Increases Focus and Speed by 35%, but 25% chance to lose control.""]",-,-,"{""focus_up"": ""Focus increased."", ""speed_up"": ""Speed increased."", ""confused"": ""25% chance hero acts on their own.""}",-,-,-,-,-,-,-,,[0.5;0.75;1.0;1.35;2.0;25.0;30.0]
seversoul,Sever Soul,Sever Soul,-,-,-,-,"[""Deals 1.35x Power SkillType.MP damage to target. Always hits."", ""Decreases target Discipline by 35% for three turns"", ""Target dies instantly if downed, instead of bleeding out. Lasts three turns.""]",-,-,"{""discipline_down"": ""Discipline decreased."", ""death"": ""Instantly die instead of bleeding out when downed.""}",-,-,-,-,-,-,-,,[0.01;0.15;0.65;3]
hypnotize,Hypnotize,Hypnotize,-,-,-,-,"[""Deal 2x TEC SkillType.Sleep damage per turn for 3 turns or until target non-boss falls asleep. Damage doubles every turn. Channeled."", ""Damage taken by target does not decrease sleep"", ""Target's SPD decreased by 75% while channeling""]",Deal 2x TCH SkillType.Sleep damage per turn for 3 turns. 2x dmg every turn. Channeled.,-,"{""channel"": ""Channeling Hypnotize SkillType.Sleep damage per turn."", ""block_sleep_down"": ""Damage taken does not decrease sleep."", ""hypnotize"": ""Hypnotize target."", ""speed_down"": ""Speed decreased.""}",-,-,-,-,-,-,-,defend,[0.25;3;2]
spiderlingbite,Spiderling Bite,Spider Bite,-,-,-,-,"[""Deals SkillType.Poison damage over time.""]",-,-,"{""poison"": ""Take SkillType.Poison damage after every turn.""}",-,-,-,-,-,-,-,enemy,[0.01;0.1;0.15;0.33;1.0;1.5;3]
halt,Halt,Halt,-,-,-,-,"[""Target enemy's turn progress is decreased by 50%."", ""Target's speed decreased by 10% for 3 turns"", ""Target's next skill deals 50% decreased damage or healing""]",-,-,"{""attack_down"": ""Next SkillType.Attack deals decreased damage or healing."", ""speed_down"": ""Speed decreased.""}",-,-,-,-,-,-,-,fight,[0.5;0.8;0.9;3;7]
invademind,Invade Mind,Invade Mind,-,-,-,-,"[""Target cannot heal and attacks an adjacent teammate for 3 turns with Void Strike, if possible.""]","Target cannot heal and attacks an adjacent teammate for 3 turns with Void Strike, if possible.",-,"{""confused"": ""Forced to attack an ally next turn."", ""heal_nullified"": ""All SkillType.Healing received is negated."", ""channel"": ""Channeling Invade Mind. Triggers Mind Shade on VoidShade's turn.""}",-,-,-,-,-,-,-,enemy,[2.0]
pupate,Pupate,Pupate,-,-,-,-,"[""Decrease incoming damage by 95% until next turn, and then transform into adult form.""]",-,-,"{""block_up"": ""Incoming damage decreased by 95%.""}",-,-,-,-,-,-,-,enemy,[0.05;0.25;0.45;0.5;0.95;1.0;2.5;4.0]
fireball,Fireball,Fireball,-,-,-,-,"[""Deals 1.2x Focus SkillType.Fire damage to target enemies."", ""Pierces 50% of defenses"", ""Deals 0.6x Focus SkillType.Fire damage over time for 2 turns""]",-,-,"{""fire"": ""Take SkillType.Fire damage after every turn.""}",-,-,-,-,-,-,-,,[0.5;0.85;1.0;3;2]
overclock,Overclock,Overclock,-,-,-,-,"[""Restores 20% Max MP and increases Speed by 100% for 2 turns. 3 turn charge."", ""Increases damage and healing of next skill used by 25%"", ""OWNER.NAME's next skill counts as a Bonus Action""]",Restores 20% Max MP and increases Speed by 100% for 2 turns.,-,"{""speed_up"": ""Speed increased."", ""bonus_action"": ""Next skill is a Bonus Action."", ""attack_up"": ""Increased damage and healing.""}",-,-,-,-,-,-,-,defend,[0.25;0.5;1.0;2;3]
bulwark,Bulwark,Bulwark,-,-,-,-,"[""Redirects 25% of damage taken by allies onto yourself until your next turn."", ""Reduces ally damage taken from hits by 20%"", ""Increases redirect to 35%""]",-,-,-,"[""Redirect 25% of damage taken by allies onto yourself until your next turn."", ""Redirect 25% damage taken by allies onto yourself until your next turn."", ""Redirect 35% damage taken by allies onto yourself until your next turn.""]",-,-,-,-,-,-,,[5]
belch,Belch,Belch,-,-,-,-,"[""Deals 1x Focus SkillType.Poison damage, damage over time, and decreases TGH by 25%. Stacks.""]",-,-,"{""poison"": ""Take SkillType.Poison damage after every turn."", ""toughness_down"": ""Toughness decreased.""}",-,-,-,-,-,-,-,enemy,[0.25;0.3;0.5;0.75;1.0;1.5;3;2;4]
ampitup,Amp it Up,Amp it Up,-,-,-,-,"[""Increases SkillType.Sonic damage by 35% for 5 turns. One use."", ""Decreases turn delay for SkillType.Sonic skills"", ""Automatically use at battle start""]",-,-,"{""sonic"": ""SkillType.Sonic damage increased."", ""amp_it_up"": ""Turn delay for SkillType.Sonic skills decreased.""}",-,-,-,-,-,-,-,,[0.25;0.3;0.35;0.65;0.75;1.0;2.0;2]
smartpistol,Smart Pistol,Smart Pstl,-,-,-,-,"[""Deals 25-40 SkillType.Physical damage 3 times. Damage cannot miss this target until after Claire's next turn. Reload after 3 uses."", ""Lasts through 2 turns"", ""Follow-up SkillType.Ranged damage is always a critical hit""]",Deals 25-40 SkillType.Physical damage 3 times. Follow-up SkillType.Ranged damage cannot miss.,-,-,"[""Cannot dodge SkillType.Ranged damage."", ""Cannot dodge SkillType.Ranged damage."", ""Cannot dodge SkillType.Ranged damage, SkillType.Ranged damage taken is always critical.""]",-,-,-,-,-,-,fight,[1.0;3;2;4]
frenzy,Frenzy,Frenzy,-,-,-,-,"[""Bonus Action. Increases Speed by 50% and damage dealt by 35%, but lose control."", ""Immune to SkillType.Stun and SkillType.Sleep damage"", ""Cannot be downed while active""]",-,-,"{""confused"": ""Hero acts on their own."", ""speed_up"": ""Speed increased."", ""attack_up"": ""Damage increased."", ""block_down"": ""Increased damage taken."", ""no_death"": ""Cannot be downed.""}",-,-,-,-,-,-,-,defend,[0.35;0.5;1.0;1.5;3;2]
crusharmor,Crush Armor,Crush Armor,-,-,-,-,"[""Deals 1.35x Power SkillType.Physical damage to target. Ignores Toughness."", ""Decreases target's Toughness by 75% for one turn"", ""Target takes 50% increased SkillType.Physical damage for one turn""]",-,-,"{""toughness_down"": ""Toughness decreased."", ""block_physical_down"": ""SkillType.Physical damage taken increased.""}",-,-,-,-,-,-,-,,[0.015;0.15;0.25;0.5;0.98;1.0;2.0;3]
shakeoff,Shake Off,ShakeOff,-,-,-,-,"[""Bonus Action. Dispels three SkillType.Debuff effects on you."", ""Gain 15% increased attributes for each SkillType.Debuff removed"", ""Heals for 15% of missing HP for each SkillType.Debuff removed""]",-,-,"{""all_up"": ""All attributes increased.""}",-,-,-,-,-,-,-,,[0.15;0.3;0.5;1.0;1.05;1.1;1.15;3]
whetstone,Whetstone,Whetstone,-,-,-,-,"[""Increases the damage of ally's SkillType.Attack skills by 35% for 3 turns."", ""Increases SkillType.Attack critical chance by 50%"", ""Increases SkillType.Attack piercing by 50%""]",Increases damage of target's SkillType.Attack skills for 3 turns.,-,"{""attack_up"": ""SkillType.Attack damage increased."", ""crit_chance_up"": ""SkillType.Attack critical chance increased."", ""pierce"": ""SkillType.Attack pierce increased.""}",-,-,-,-,-,-,-,,[0.25;0.35;0.5;0.95;1.0;1.25;1.5;3;2]
ambush,Ambush,Ambush,-,-,-,-,"[""Next skill deals 60% increased damage. Cannot be targeted by enemies."", ""Increases Technique by 25%"", ""Increases critical damage by 120%""]",-,-,"{""hide"": ""Cannot be targeted by enemies."", ""attack_up"": ""Next skill deals greatly increased damage."", ""technique_up"": ""Technique increased."", ""crit_damage_up"": ""Critical hit damage increased.""}",-,-,-,-,-,-,-,,[0.15;0.25;0.5;0.6;0.8;1.0;1.2;1.25;2;3;5]
healingtonic,Healing Tonic,Heal Tonic,-,-,-,-,"[""Heals target for 50% Max HP, but target has a 35% chance to lose control. Three uses."", ""Decreases SkillType.Stun damage taken by 25%"", ""Increases Power and Toughness by 15%""]","Heals target for 50% Max HP, but target can lose control.",-,"{""confused"": ""Hero sometimes acts on their own."", ""block_stun_up"": ""Decreased SkillType.Stun damage taken."", ""power_up"": ""Power increased."", ""toughness_up"": ""Toughness increased.""}",-,-,-,-,-,-,-,,[0.5;0.75;1.0;1.15;30.0;35.0;2;3]
harvest,Harvest,Harvest,-,-,-,-,"[""Deals SkillType.Physical damage and causes bleeding for 3 turns.""]",-,-,"{""bleed"": ""Take SkillType.Physical damage every turn.""}",-,-,-,-,-,-,-,fight,[0.1;0.5;33.0]
soulflay,Soulflay,Soulflay,-,-,-,-,"[""Deals 1.35x Power SkillType.MP damage to target. Always hits."", ""Decreases target Discipline by 35% for three turns"", ""Target dies instantly if downed, instead of bleeding out. Lasts three turns.""]",-,-,"{""discipline_down"": ""Discipline decreased."", ""death"": ""Instantly die instead of bleeding out when downed.""}",-,-,-,-,-,-,-,,-
thunderhammer,Thunder Hammer,ThdrHammer,-,-,-,-,"[""Deals 1.0x Power SkillType.Physical and SkillType.Lightning damage. Always hit with SkillType.Lightning damage."", ""Deals 2.0x Power SkillType.Stun damage"", ""Deals 0.65x Power SkillType.Lightning damage over time for 3 turns""]",Deals 1.0x Power SkillType.Physical and SkillType.Lightning damage.,-,"{""lightning"": ""Take SkillType.Lightning damage every turn.""}",-,-,-,-,-,-,-,,[0.01;0.15;2.0;2;3;4;5]
scan,Scan,Scan,-,-,-,-,"[""All enemies' HP, MP, and Attributes become visible in the status menu.""]",-,-,"{""scan"": ""HP, MP, and Attributes are visible in status menu.""}",-,-,-,-,-,-,-,tbreak,[1.0;1.35]
hypeup,Hype Up,Hype Up,-,-,-,-,"[""Allies gain 50% increased Speed until their next turn. Three turn charge."", ""Allies deal 50% more damage their next turn"", ""Allies gain turn 50% progress""]",-,-,"{""speed_up"": ""Speed increased."", ""attack_up"": ""Damage dealt increased.""}",-,-,-,-,-,-,-,,[0.15;0.25;0.5;0.9;1.0;1.4;1.5;1.6;50.0;2]
crescendo,Crescendo,Crescendo,-,-,-,-,"[""Song. Allies gain effects from all Lute songs for 3 turns. Five turn charge."", ""Doubles MP regeneration for allies"", ""No Technique loss from Rhapsody while active""]",-,-,"{""focus_up"": ""Focus increased."", ""discipline_up"": ""Discipline increased."", ""mp_add"": ""MP regeneration rate doubled."", ""block_mp_up"": ""SkillType.MP damage taken reduced."", ""speed_up"": ""Speed increased."", ""agility_up"": ""Agility increased."", ""crit_damage_up"": ""Critical hit damage increased."", ""dodge_up"": ""Dodge chance increased."", ""toughness_up"": ""Toughness increased."", ""power_up"": ""Power increased."", ""block_up"": ""Decreases damage taken."", ""resist_add"": ""Gain 1 Resist after every turn.""}",-,-,-,-,Song. Allies gain effects from all Lute songs for 3 turns.,-,-,,-
toxicbomb,Toxic Bomb,Toxic Bomb,-,-,-,-,"[""Deals SkillType.Poison damage to enemies in an area, and causes SkillType.Poison damage over time."", ""Deals SkillType.Poison damage to enemies in an area, and causes SkillType.Poison damage over time."", ""Deals SkillType.Poison damage to enemies in an area, and causes SkillType.Poison damage over time.""]",-,-,"{""poison"": ""Take SkillType.Poison damage after every turn.""}",-,-,-,-,-,-,-,enemy,[0.5;0.8;1.0;1.5;3;2;4]
sliceanddice,Slice and Dice,SliceDice,-,-,-,-,"[""Deals 1.0x Power SkillType.Physical damage to random enemies until out of MP.""]",-,-,"{""all_down"": ""All attributes decreased.""}",-,-,-,-,-,-,-,enemy,[0.25;0.4;0.5;0.75]
reprogram,Reprogram,Reprogram,-,-,-,-,"[""One SkillType.Debuff on target ally is converted to a random SkillType.Buff instead."", ""Convert one additional SkillType.Debuff for each stack of RAM"", ""Target is healed for 0.25x Focus for each SkillType.Debuff converted""]",One SkillType.Debuff on target ally is converted to a random SkillType.Buff.,-,"{""speed_up"": ""Speed increased by +15."", ""endurance_up"": ""Endurance increased by +15."", ""wisdom_up"": ""Wisdom increased by +15."", ""hp_regen"": ""Heal for 10% Max HP after every turn."", ""attack_up"": ""Healing and damage dealt increased by 20%"", ""block_up"": ""Damage taken decreased by 20%"", ""lightning_add"": ""Deal 20% added SkillType.Lightning damage on hits.""}",-,-,-,-,-,-,-,,[0.1;0.2;0.8;15.0]
electrify,Electrify,Electrify,-,-,-,-,"[""Adds 0.5x Focus SkillType.Lightning damage with SkillType.Attack skills and melee attackers take 1x SkillType.Lightning damage for 3 turns.""]",-,-,"{""lightning_add"": ""SkillType.Attack skills also deal added SkillType.Lightning damage."", ""lightning_reflect"": ""Melee attackers take SkillType.Lightning damage.""}",-,-,-,-,-,-,-,enemy,[0.5;0.8;1.0;1.5;2]
prepare,Prepare,Prepare,-,-,-,-,"[""Gain a Free Turn at the end of next turn."", ""Gain 25% increased Technique until Free Turn"", ""Gain 50% increased Critical Damage until Free Turn""]",-,-,"{""prepare"": ""Gain a Free Turn at the end of this effect."", ""technique_up"": ""Technique increased."", ""crit_damage_up"": ""Critical damage increased.""}",-,-,-,-,-,-,-,defend,-
freezeray,Freeze Ray,Freeze Ray,-,-,-,-,"[""Deals 90-120 SkillType.Ice damage to target enemy. 1 use."", ""Non-boss target becomes frozen and cannot act or dodge for 2 turns"", ""Target takes 30-40 piercing SkillType.Ice damage when hit""]",-,-,"{""ice"": ""Take SkillType.Ice damage when hit."", ""dodge_zero"": ""Cannot dodge."", ""interrupt"": ""Cannot act.""}",-,-,-,-,-,-,-,,[0.2;0.25;0.35;0.5;0.7;0.8;0.85;1.0;3.0;2;3]
venomspray,Venom Spray,Venom Spray,-,-,-,-,"[""Deals 0.4x Focus SkillType.Poison damage to targets, and 0.2x Focus SkillType.Poison damage over time for 3 turns. Increases target's SkillType.Poison damage taken by 25%.""]",Deals SkillType.Poison damage and SkillType.Poison DoT. Target's SkillType.Poison damage taken increased.,-,"{""poison"": ""Take SkillType.Poison damage after every turn."", ""block_poison_down"": ""SkillType.Poison damage taken is increased.""}",-,-,-,-,-,-,-,enemy,[0.2;0.25;0.5;1.0;36.0;40.0;3;2;4]
drainlife,Drain Life,Drain Life,-,-,-,-,"[""Deals 1.5x Focus SkillType.Dark damage to target and heals caster for damage dealt."", ""Also restores half of damage done as MP"", ""Up to 100% more damage based on missing HP""]",-,-,-,-,-,-,-,-,-,-,,[0.2;0.25;0.4;0.5;0.6;0.75;0.8;2.0;2.25;3;2]
analyze,Analyze,Analyze,-,-,-,-,"[""Target's HP, MP, and Attributes become visible in the status menu."", ""Deal 25% increased damage to target"", ""Always hit target with skills""]",-,-,-,"[""HP, MP and Attributes are visible."", ""HP, MP and Attributes are visible. Take 25% increased damage from Effect.Owner."", ""Stats are visible. Effect.Owner deals increased damage and cannot miss.""]",-,-,-,-,-,-,fight,[0.25;1.0;2]
truestrike,True Strike,True Strk,-,-,-,-,"[""Target always hits with next 3 SkillType.Attack skills."", ""Reduces MP cost of SkillType.Attack skills by 50%"", ""Target gains 100% piercing with SkillType.Attack skill damage""]",-,-,"{""no_miss"": ""SkillType.Attack skills cannot miss."", ""pierce"": ""SkillType.Attack skills ignore defenses.""}",-,-,-,-,-,-,-,,[1.0;3;5]
katana,Katana,Katana,-,-,-,-,"[""Deals 1x Power SkillType.Physical damage to an enemy."", ""Apply 25% of damage dealt as SkillType.Physical damage over time for 3 turns"", ""Damage gains 50% piercing""]",-,-,"{""bleed"": ""Take SkillType.Physical damage after every turn.""}",-,-,-,-,-,-,-,fight,[0.25;0.5;3;2;4;5]
darkbargain,Dark Bargain,Dark Bargain,-,-,-,-,"[""Revives a downed ally, but they take 10% Max HP SkillType.Physical damage over time, and can no longer bleed out."", ""Ally gains 35% increased Endurance while active"", ""Ally no longer takes SkillType.Physical damage over time""]","Revive an ally, but they take SkillType.Physical damage over time and can no longer bleed out.",-,"{""bleed"": ""Take SkillType.Physical damage after every turn."", ""death"": ""Instantly die instead of bleeding out when downed."", ""endurance_up"": ""Endurance increased.""}",-,-,-,-,-,-,-,enemy,[0.1;0.2;0.25;0.4;0.5;0.8;1.35;1.5;2.0;2.25;30.0;2;3]
cryogrenade,Cryo Grenade,Cryo Grenade,-,-,-,-,"[""Deals 150-220 SkillType.Ice damage to target enemies. One use."", ""Lowers target speed and agility by 75% for 2 turns"", ""2 uses""]",Deals 150-220 SkillType.Ice damage to target enemies.,-,"{""speed_down"": ""Speed decreased."", ""agility_down"": ""Agility decreased.""}",-,-,-,-,-,-,-,,[0.25;2;3]
healingvapors,Healing Vapors,HealVprs,-,-,-,-,"[""Reduces SkillType.Poison damage taken by 80% for all allies for 3 turns."", ""After Ambroise's turn, allies gain 3 Resist"", ""After Ambroise's turn, heals allies for 5% Max HP per Plague""]",-,-,"{""block_poison_up"": ""SkillType.Poison damage received is decreased."", ""hp_regen"": ""Restore some HP after every turn."", ""resistance_up"": ""Increased Status Resist.""}",-,-,-,-,-,-,-,,[0.05;0.07;0.2;0.25;0.3;0.5;0.6;0.66;0.7;1.0;1.2;2.0;15.0;3]
slash,Slash,Slash,-,-,-,-,"[""Deals 1x Power SkillType.Physical damage to an enemy."", ""Apply 25% of damage dealt as SkillType.Physical damage over time for 3 turns"", ""50% increased critical hit chance""]",-,-,"{""bleed"": ""Take SkillType.Physical damage after every turn.""}",-,-,-,-,-,-,-,fight,[0.25;1.5;3;2;4;5]
protect,Protect,Protect,-,-,-,-,"[""Redirect damage taken by target ally onto yourself."", ""Redirect damage taken by target ally onto yourself."", ""Redirect damage taken by target ally onto yourself.""]",-,-,-,"[""Redirect damage taken by Effect.Target onto Effect.Owner."", ""Redirect damage taken by Effect.Target onto Effect.Owner."", ""Redirect damage taken by Effect.Target onto Effect.Owner.""]",-,-,-,-,"[""Damage taken is redirected onto Effect.Owner."", ""Damage taken is redirected onto Effect.Owner."", ""Damage taken is redirected onto Effect.Owner.""]",-,defend,[0.5;0.75;2;3]
dominatemind,Dominate Mind,Dominate,-,-,-,-,"[""Sacrifice 20% of current HP. Target non-boss enemy cannot act for 3 turns. Long turn delay."", ""Target takes 25% increased damage"", ""Nullifies SkillType.Healing on target""]",Sacrifice 20% HP. Target non-boss enemy cannot act for 3 turns.,-,"{""interrupt"": ""Cannot act."", ""block_down"": ""Take 25% increased damage."", ""heal_nullified"": ""All SkillType.Healing received is negated.""}",-,-,-,-,-,-,-,,[0.25;1.5;2;3]
powerchord,Power Chord,PowChord,-,-,-,-,"[""Deals 1.2x Tech SkillType.Sonic damage.""]",-,-,-,-,-,-,-,-,-,-,,[0.015;0.1;0.15;0.5;0.65;1.5;16.0;26.0]
zonedefense,Zone Defense,Zone D,-,-,-,-,"[""Stance. Automatically Protect adjacent allies, redirecting damage taken to yourself."", ""Take 50% less redirected damage"", ""Gain turn progress from redirected damage""]",Stance. Automatically Protect adjacent allies.,-,"{""zone_defense"": ""Automatically Protect adjacent allies.""}",-,-,-,-,-,-,-,,[0.2;0.5;0.65;2;7;3]
sandstorm,Sandstorm,Sandstorm,-,-,-,-,"[""Deals 0.45x Focus SkillType.Physical damage every turn and decreases target Technique by 35% while active. Toggleable."", ""Enemies have a 35% chance to miss"", ""Enemies cannot critically hit""]",Deals 0.45x FCS SkillType.Physical damage and decreases target TEC by 35%. Toggleable.,-,"{""technique_down"": ""Technique decreased.""}",-,-,-,-,-,-,-,,[0.25;0.35;0.5;0.65;0.8;0.875;1.0;2.0;10.0;2]
nightmare,Nightmare,Nightmare,-,-,-,-,"[""Deals 3x Focus SkillType.Dark damage to a sleeping enemy and reduces their discipline by 25%. Cannot miss.""]",-,-,"{""discipline_down"": ""Discipline decreased.""}",-,-,-,-,-,-,-,enemy,[0.2;0.25;0.4;0.5;0.6;0.75;0.8;1.5;2.0;2.25]
howl,Howl,Howl,-,-,-,-,"[""Increases Power, Speed, and Technique for all allies.""]",-,-,"{""power_up"": ""Power increased."", ""speed_up"": ""Speed increased."", ""technique_up"": ""Technique increased.""}",-,-,-,-,-,-,-,enemy,[0.5;1.0;1.25;2]
track,Track,Track,-,-,-,-,"[""Bonus Action. Increases your chance to hit target by 50%. Refunds when downed."", ""15% increased damage to target"", ""25% Increased critical damage to target""]",-,-,"{""block_down"": ""Damage taken from Effect.Owner increased by 15%."", ""dodge_down"": ""Hit chance increased for Effect.Owner by 50%."", ""block_crit_damage_down"": ""Crit damage increased for Effect.Owner by 25%.""}",-,-,-,-,Bonus Action. Increases your chance to hit target by 50%.,-,-,,[0.15;0.25;0.5;2;3]
lightbeam,Light Beam,Light Beam,-,-,-,-,"[""Deals 1x Focus SkillType.Energy damage to target."", ""Decreases target Technique by 15% for 3 turns"", ""Damage increased by 25%""]",-,-,"{""technique_down"": ""Technique decreased.""}",-,-,-,-,-,-,-,fight,[0.85;1.0;1.25;3;2]
throwaxe,Throw Axe,Throw Axe,-,-,-,-,"[""Deals 0.75x Power SkillType.Physical damage to target enemy."", ""Apply 50% of damage dealt as SkillType.Physical damage over time for 3 turns"", ""Stacks 3 times and refreshes duration on hit""]",-,-,"{""bleed"": ""Take SkillType.Physical damage every turn.""}",-,-,-,-,-,-,-,,[0.4;2;3;4]
