skill_id,codename,name,short_name,category,n_levels,level_1,level_2,level_3,level_4,level_5,param,text_source,computation,n_modifiers,mod_summary
absorb,Absorb,Absorb,-,enemy,1,"Absorbs an adjacent ally and gains 100% of their Endurance, Toughness, Power, and HP.",-,-,-,-,[0.8],pool,base_skill,1,stat_gain×1
absorbsoul,AbsorbSoul,Absorb Soul,Absorb Soul,enemy,1,"Deals 0.75x Focus SkillType.Dark damage to target, heals the caster, gives self a focus bonus, and reduces target's healing received.",-,-,-,-,[0.1;0.2;0.25;0.4;0.5;0.6;0.8;0.9;1.35;2.0;2.25],json,base_skill,2,damage×1;heal×1
accelerate,Accelerate,Accelerate,-,drone,1,Grants an ally a free turn.,-,-,-,-,[0.2;0.4;0.6;1.0],pool,base_skill,1,grant×1
acidcloud,AcidCloud,Acid Cloud,-,defend,2,Deals 0.33x Focus SkillType.Poison damage over time for 3 turns. Stackable. Cannot miss.,Deals 0.3x Focus SkillType.Poison damage over time for 3 turns.,-,-,-,-,pool,base_skill,4,damage×2;status×2
acidspray,AcidSpray,Acid Spray,Acid Burn,root,3,Deals 0.6x Focus SkillType.Poison and SkillType.Fire damage. Uses all Newt Eye and Toad Cap.,Targets lose 1 dispellable SkillType.Buff for each Toad Cap,Gains 25% piercing for each Newt Eye,-,-,[0.25;0.35;0.4;0.5;1.5;2.0;2.5],pool,,2,damage×1;status×1
acidvial,AcidVial,Acid Vial,-,inventions,1,Deals 75-125 SkillType.Poison damage for 5 turns. Always hits.,-,-,-,-,-,pool,,2,damage×1;status×1
activate,Activate,Activate,-,enemy,1,Restores MP of summon and gives them a free turn.,-,-,-,-,[0.5],pool,base_skill,1,summon×1
adrenalinerush,AdrenalineRush,Adrenaline Rush,Adren. Rush,root,3,Bonus Action. Staggers 50% of damage taken until next turn.,Increases Power by 50%,Increases Toughness by 50%,-,-,-,json,,3,stat_mod×2;damage×1
advance,Advance,Advance,Advance,fight,3,Target ally's turn progress is advanced to 100%.,Target's speed increased by 10% for 3 turns,Target's next skill deals 25% increased damage or healing,-,-,[0.25;0.5;0.8;1.1;3;7],json,base_skill,1,damage×1
aimedshot,AimedShot,Aimed Shot,-,root,2,Deals 2x Power SkillType.Physical damage. Cannot miss. Long turn delay.,25% increased damage,-,-,-,[1.25;2;3],pool,,2,damage×2
airstrike,AirStrike,Air Strike,Air Strk,root,3,Deals 100-125 SkillType.Physical and SkillType.Fire damage to random enemies 4 times. One use. Five turn charge. Cannot miss.,Deals 100-125 SkillType.Physical and SkillType.Fire damage to random enemies 4 times.,50% faster charge rate,-,-,[0.02;0.1;0.25;0.5;1.0;1.5;3;2],pool,,2,damage×2
alarm,Alarm,Alarm,Alarm,root,3,"Grants a random ally a Free Turn. Three turn charge, starts charged.",Increases all allies' Speed by 100% for 1 turn,Gain 33% charge if an enemy is summoned mid-battle,-,-,[0.2;0.4;0.5;0.6;1.0;3],json,,1,grant×1
allrise,AllRise,All Rise,-,root,3,Fully heal all allies. One use.,Dispel all SkillType.Debuff,Revives all downed allies,-,-,[0.4;0.9;3;2],pool,,1,heal×1
altreality,AltReality,Alt Reality,-,enemy,1,Experiencing an alternate reality. Can only Wobble.,-,-,-,-,[0.2;0.25;0.35;1.0;1.25;1.5],pool,base_skill,0,
ambush,Ambush,Ambush,Ambush,root,3,Next skill deals 60% increased damage. Cannot be targeted by enemies.,Increases Technique by 25%,Increases critical damage by 120%,-,-,[0.15;0.25;0.5;0.6;0.8;1.0;1.2;1.25;2;3;5],json,,3,damage×2;stat_mod×1
ampitup,AmpItUp,Amp it Up,Amp it Up,root,3,Increases SkillType.Sonic damage by 35% for 5 turns. One use.,Decreases turn delay for SkillType.Sonic skills,Automatically use at battle start,-,-,[0.25;0.3;0.35;0.65;0.75;1.0;2.0;2],json,,1,damage×1
amplify,Amplify,Amplify,-,drone,1,Doubles an ally's Power and Focus for one turn.,-,-,-,-,[0.2;0.4;0.6;1.2],pool,base_skill,0,
amputate,Amputate,Amputate,Amputate,root,3,"Revives an ally with 35% Max HP, but reduces target's attributes by 25% for the rest of battle.",Only lasts 3 turns,Can be dispelled,-,-,[0.25;0.35;0.75;2;3],json,,0,
analyze,Analyze,Analyze,Analyze,fight,3,"Target's HP, MP, and Attributes become visible in the status menu.",Deal 25% increased damage to target,Always hit target with skills,-,-,[0.25;1.0;2],json,base_skill,1,damage×1
animatecorpse,AnimateCorpse,Animate Corpse,-,enemy,0,-,-,-,-,-,[0.2;0.25;0.4;0.5;0.8;1.5;2.0;2.25;30.0;3],name-only,HealSkill,0,
annihilate,Annihilate,Annihilate,-,enemy,1,Deals 1x Power SkillType.Energy damage and increases Speed and Power.,-,-,-,-,[0.5;1.1],pool,,1,damage×1
annihilatorreload,AnnihilatorReload,Annihilator Reload,-,enemy,1,"Reloads Annihilator weapon, resetting speed.",-,-,-,-,-,pool,base_skill,0,
anthem,Anthem,Anthem,Anthem,root,3,Song. Increases Speed and Agility by 20% of OWNER.NAME's Technique for all allies.,Increases critical hit damage by 25%,Increases chance to dodge by 15%,-,-,[0.15;0.25;0.5;1.0;1.25;1.5;2.25;15.0;3;2],json,,1,damage×1
antibiotics,Antibiotics,Antibiotics,A.Biotics,root,1,Dispels all SkillType.Debuff on target every turn.,-,-,-,-,[0.5;0.75;2.0;30.0],json,,0,
aoeitem,AoEItem,AoE Item,-,root,0,-,-,-,-,-,[2],name-only,,0,
arborealaid,ArborealAid,Arboreal Aid,ArborAid,root,1,Access Arboreal Aid skills.,-,-,-,-,[2;7],pool,,0,
arcaneconduit,ArcaneConduit,Arcane Conduit,Arc.Conduit,root,3,"While active, force enemy SkillType.Spell skills to target you. Last 3 turns.",Enemies deal 50% less damage with SkillType.Spell skills,Enemies take 1x Focus SkillType.Energy damage on SkillType.Spell use,-,-,[0.01;0.075;0.175;0.25;0.5;1.0;1.05;1.5;2],json,,2,damage×2
arcaneglyphs,ArcaneGlyphs,Arcane Glyphs,-,root,1,Gain access to Spell modifying Glyph skills. Three uses.,-,-,-,-,[2;7;3],pool,,0,
arcticjet,ArcticJet,Arctic Jet,-,root,2,Deals 1.5x Focus SkillType.Physical and SkillType.Ice damage to enemies. Three turn charge.,Deals 1.5x Focus SkillType.Physical and SkillType.Ice damage to enemies.,-,-,-,[0.6;2.5],pool,,2,damage×2
armchainlaser,ArmChainLaser,Arm Chain Laser,-,defend,2,Arms a Chain Laser that deals SkillType.Energy damage with reduced turn delay per use.,Arms Chain Laser that deals SkillType.Energy damage with reduced turn delay.,-,-,-,-,pool,WeaponSkill,2,damage×2
armflamethrower,ArmFlamethrower,Arm Flmthrower,ArmFlamethrower,defend,2,Arms a Flamethrower that deals SkillType.Fire damage and adds burning to enemies in a column.,Arms a Flamethrower that deals SkillType.Fire damage.,-,-,-,-,pool,WeaponSkill,2,damage×2
armmissilepod,ArmMissilePod,Arm Missile Pod,Arm Msl Pod,defend,2,Arms a Missile Pod that deals SkillType.Physical damage randomly 8-12 times.,Arms a Missile Pod that deals SkillType.Physical damage 8-12 times.,-,-,-,-,pool,WeaponSkill,2,damage×2
armrailcannon,ArmRailCannon,Arm Rail Cannon,Arm Rail Cn,defend,1,Arms a Rail Cannon that deals piercing SkillType.Physical damage.,-,-,-,-,-,pool,WeaponSkill,1,damage×1
arsenal,Arsenal,Arsenal,-,defend,1,"Activate various integrated weapons, replacing primary attack skill.",-,-,-,-,[2;7;3],pool,base_skill,0,
assigntarget,AssignTarget,Assign Target,Target,root,3,Increases target's damage taken from OWNER.NAME by 25%. Limit of one Assigned Target.,"Attack target with OWNER.FIGHTNAME after it acts, if possible","If the target gains a Free Turn, gain one as well",-,-,[0.2;0.25;0.5;2;7;3],json,,1,damage×1
assist,Assist,Assist,Assist,defend,3,Assist target ally by also attacking their attack targets.,Assist target ally by also attacking their attack targets.,Assist target ally by also attacking their attack targets.,-,-,-,json,base_skill,0,
astralmagic,AstralMagic,Astral Magic,AstralMag,root,1,Access Astral Magic skills. Each use grants Astral stack.,-,-,-,-,[2;7],pool,,1,grant×1
atomize,Atomize,Atomize,-,enemy,1,Instantly destroys a summoned hero.,-,-,-,-,[0.2;0.25;0.35;0.4;0.5;1.5;1.6],pool,base_skill,0,
autocrossbow,AutoCrossbow,Auto Crossbow,Auto Crsbw,root,4,Deals 0.65x Power SkillType.Physical damage up to 6 times. Charges during Blood Trance.,Deals 0.75x Power SkillType.Physical damage up to 6 times. Charges during Blood Trance.,Deals 33% increased damage to Undead,Each hit increases damage by 10%,-,[1.33;3;2],pool,,4,damage×4
backhand,Backhand,Backhand,-,enemy,1,Deals SkillType.Physical and SkillType.Stun damage to an entire row.,-,-,-,-,-,pool,AddedDamageSkill,2,damage×1;status×1
balancedtools,BalancedTools,Balanced Tools,BalanceTls,city,1,Decreases target Wisdom.,-,-,-,-,[0.75],json,base_skill,0,
ballad,Ballad,Ballad,Ballad,root,3,Song. Increases Power and Toughness by 20% of OWNER.NAME's Technique for all allies.,Allies gain 1 Resist after their turn,Decreases damage taken by 15%,-,-,[0.25;0.85;1.0;1.25;2.2;2;3],json,,1,damage×1
balloon,Balloon,Balloon,Balloon,defend,3,Next damage misses target ally. Heals target for 10% Max HP when Balloon ends.,Enemy takes SkillType.Stun damage equal to healing,50% chance to remain active,-,-,[0.75],json,base_skill,4,damage×2;heal×1;status×1
banish,Banish,Banish,Banish,root,1,Banish undead to death.,-,-,-,-,[0.15;0.25;0.33;0.5;1.0;1.5;2.25;3],json,,0,
bankrupt,Bankrupt,Bankrupt,-,root,3,Remove all Debt stacks from enemy. Deals damage equal to 3 turns of Debt.,Deals damage equal to 4 turns,Deals damage equal to 5 turns,-,-,[2],pool,,3,damage×3
bargain,Bargain,Bargain,Bargain,root,3,"Bonus action. Share 35% of OWNER.NAME's attributes with target ally, but ally skips their turns. One use.",Ally deals 25% more damage and healing,Ally has 50% chance to not be downed,-,-,[0.25;0.35;50.0;2;3],json,,1,damage×1
barkskin,Barkskin,Barkskin,-,root,1,SkillType.Physical damage taken decreased by up to ,-,-,-,-,[0.5;1.2;3;2;4;5],pool,,1,damage×1
barricade,Barricade,Barricade,Barricade,enemy,1,"Randomly taunt 3 enemies and nullify up to 8 hits until next turn, reflecting SkillType.Physical damage back to melee attackers. 2 turn charge.",-,-,-,-,[3],json,base_skill,1,damage×1
bash,Bash,Bash,-,fight,3,Deals 1.35x Power SkillType.Physical and SkillType.Stun damage to an enemy.,SkillType.Stun damage increased by 50%,SkillType.Physical damage increased by 15%,-,-,[1.15;1.5;2;3],pool,AddedDamageSkill,5,damage×3;status×2
bashmaul,BashMaul,Bash Maul,-,fight,0,-,-,-,-,-,-,name-only,AddedDamageSkill,0,
batsfur,BatsFur,Bat's Fur,Bat's Fur,root,1,Deals 50-75 SkillType.Dark damage to target enemy.,-,-,-,-,-,json,,1,damage×1
batswarm,BatSwarm,Bat Swarm,-,root,0,-,-,-,-,-,[0.15;0.5;1.0;10.0;50.0],name-only,,0,
battlecry,BattleCry,Battle Cry,Battle Cry,root,3,Increase ally maximum HP by 350 for 5 turns.,Restore MP cost to allies on end,Heals allies for 350 HP on effect end,-,-,[0.015;0.1;0.15;0.2;1.0;1.7;16.0],json,,1,heal×1
bearswat,BearSwat,Bear Swat,-,root,2,Deals 1.33x Power SkillType.Physical damage and shifts target to the left or right. Also deals 66% damage to other shifted target.,"Deals 1.33x Pow SkillType.Physical damage, knocks target sideways.",-,-,-,[0.025;0.05;0.15;0.66;50.0;2;7;3;5],pool,,2,damage×2
beartrap,BearTrap,Bear Trap,Bear Trap,root,3,Target's next turn is interrupted. Cannot be resisted. One use. No effect on Bosses.,Target takes 35% HP SkillType.Physical damage when turn is interrupted by trap,50% chance to not be removed,-,-,[0.4;0.6;1.0;1.6;2.0;3],json,,1,damage×1
beatdown,BeatDown,Beat Down,-,root,4,Deals 0.6x Power SkillType.Physical damage to target enemy. Hits once for each stack of Resolve. Lose all Resolve stacks.,Deals 0.6x Power SkillType.Physical damage once per stack of Resolve.,Also deals 0.6x Power SkillType.Stun damage per hit,Lose all but 3 stacks of Resolve,-,[0.25;3;7],pool,,4,damage×3;status×1
belch,Belch,Belch,Belch,enemy,1,"Deals 1x Focus SkillType.Poison damage, damage over time, and decreases TGH by 25%. Stacks.",-,-,-,-,[0.25;0.3;0.5;0.75;1.0;1.5;3;2;4],json,base_skill,2,damage×1;status×1
bigslam,BigSlam,Big Slam,Big Slam,enemy,1,"Deals SkillType.Physical and SkillType.Stun damage. Pulls an enemy into its body, where it takes SkillType.Poison damage over time until it is digested or broken out.",-,-,-,-,[-15.0;0.035;0.15;0.2;0.33;0.4;0.5;0.6;0.7;0.75;0.8;0.95;1.0;1.1;1.3;1.75;2.25;2.45;15.0;3;2;4],json,base_skill,3,status×2;damage×1
bigslamdigest,BigSlam_Digest,Big Slam_Digest,-,enemy,0,-,-,-,-,-,[0.2;0.5],name-only,base_skill,0,
binddarkimp,BindDarkImp,Bind Dark Imp,-,root,1,Channel to bind a Dark Imp next turn.,-,-,-,-,-,pool,,1,status×1
bindingritual,BindingRitual,Binding Ritual,Binding,root,3,Access the Imp Binding skills.,Increase Imp attributes by 35% of OWNER.NAME's Wisdom,Imps always hit with skills,-,-,[0.25;0.5;1.0;2;7],json,,0,
bindmageimp,BindMageImp,Bind Mage Imp,-,root,1,Channel to bind a Mage Imp next turn.,-,-,-,-,-,pool,,1,status×1
bindredimp,BindRedImp,Bind Red Imp,-,root,1,Channel to bind a Red Imp next turn.,-,-,-,-,-,pool,,1,status×1
biobomb,BioBomb,Biobomb,Biobomb,root,3,"Deals 75-125 SkillType.Poison damage, and 75-125 per turn for 5 turns. Always hits. One use per battle.",Reduces enemy healing by 50%,Enemies take 15% more damage,-,-,[0.15;0.5;1.5;2;3],json,,3,damage×2;status×1
biobombexplosion,BioBombExplosion,Bio Bomb Explosion,-,root,0,-,-,-,-,-,-,name-only,,0,
blazingslam,BlazingSlam,Blazing Slam,Blz Slam,enemy,1,"Deals SkillType.Fire damage. Pulls an enemy into its body, where it takes SkillType.Poison damage over time until it is digested or broken out.",-,-,-,-,-,json,,2,damage×1;status×1
blessedwater,BlessedWater,Blessed Water,Blessed Wtr,root,3,Deals 15% Max HP SkillType.Holy damage to Undead enemy.,Prevents SkillType.Healing on target Undead enemy,Target Undead enemy dies immediately if Downed,-,-,[3],json,,1,damage×1
blessing,Blessing,Blessing,Blessing,defend,3,Bonus Action. Increases attributes of target ally by 20%. Limit one.,Target receives 20% increased healing,Target gains 1 Resist after their turn,-,-,[0.1;0.2;0.6;0.9;1.2;1.35;1.6;2;3],json,base_skill,0,
blind,Blind,Blind,Blind,defend,3,Target enemy's next direct hit damage always misses.,Next 2 hits,Next 3 hits,-,-,[0.15;0.25;1.5],json,base_skill,1,damage×1
blinded,Blinded,Blinded,Blinded,city,1,Decreases target Technique.,-,-,-,-,[0.75],json,base_skill,0,
blindingpowder,BlindingPowder,Blinding Powder,Blind Powder,root,3,Decreases target's chance to hit with next skill by 80%.,Lasts for three skills,Lasts for five skills,-,-,[0.2;1.0;2;3;4],json,,0,
blitzstance,BlitzStance,Blitz Stance,BltzStanc,root,3,Stance. Adds up to 0.5x Speed damage to SkillType.Attack skill damage. Disables Bonus Actions.,Increases Technique by 35% of Speed,SkillType.Attack skills have 35% less turn delay,-,-,[0.35;0.5;0.65;1.0;2;3],json,,2,damage×1;stat_mod×1
blizzard,Blizzard,Blizzard,-,root,1,Deals 0.5x Focus SkillType.Ice damage to random enemy targets up to 8 times.,-,-,-,-,[0.1;0.15;0.2;0.25;0.35;2.0;2.25],pool,,1,damage×1
block,Block,Block,Block,defend,3,"The next three times you take damage from SkillType.Attack skills, the damage is negated.",Lasts through four times taking damage,Lasts through five times taking damage,-,-,[5],json,base_skill,3,damage×3
bloodessence,BloodEssence,Blood Essence,-,root,3,"Heals self for up to Max HP, based on charge.",Allies gain 10% of healing done,Retain 25% of charge after use,-,-,[0.2;0.25;0.35;0.4;0.75],pool,,2,heal×1;stat_gain×1
bloodlet,Bloodlet,Bloodlet,Bloodlet,defend,3,Target ally takes 30% Max HP SkillType.Physical damage and loses all SkillType.Debuff effects.,Heals target after every turn for amount equal to 50% of initial damage dealt. Lasts 3 turns.,Negates Plague damage,-,-,[0.15;0.5;2;3;4],json,base_skill,4,damage×3;heal×1
bloodshield,BloodShield,Blood Shield,-,root,5,Create a shield that blocks up to 2.5x Focus damage taken by target ally. Sacrifice HP when shield blocks damage.,Sacrifice HP to block up to 2.5x FCS damage taken by target ally.,Shield strength gains 10% of current HP when cast,Ally gains 3 resist stacks,All attributes increased.,[0.25;0.4;0.5;1.25;2;3;4],pool,,4,damage×2;stat_gain×1;status×1
bloodsuck,Bloodsuck,Bloodsuck,-,enemy,1,"Deals 1.0x Power SkillType.Physical damage, restores HP based on damage dealt, causes bleeding, and decreases target's Healing received by 50%.",-,-,-,-,[0.5;2;3;4;5],pool,base_skill,1,damage×1
bloodtrance,BloodTrance,Blood Trance,-,defend,2,Sacrifice 20% HP every turn and increase damage with SkillType.Attack skills by 35%. Togglable.,Heal by 25% of damage dealt with SkillType.Attack skills,-,-,-,[-0.2;0.1;0.2;0.25;0.3;0.35;0.5;0.85;0.95;1.25;1.5;2;3],pool,base_skill,3,damage×2;heal×1
bloom,Bloom,Bloom,-,root,3,"Taunts a random enemy, forcing them to target OWNER.NAME for 3 turns.",Heals all allies' HP and MP for 0.25x Focus,"If Take Root is active, MP cost 0 and triggers automatically at end of turn",-,-,[0.15;0.35;0.85;1.25;2;3],pool,,1,heal×1
boarspirit,BoarSpirit,Boar Spirit,-,root,2,Summon a Boar Spirit that uses Gore on enemies.,Allies take 15% less damage while active,-,-,-,[0.25;2;7;3],pool,,2,summon×1;damage×1
boast,Boast,Boast,-,enemy,1,Bonus Action. Increase Focus by 15% and taunt 3 random targets.,-,-,-,-,[0.15;0.3;0.45;0.6;1.0;1.15;1.5],pool,base_skill,1,stat_mod×1
bodyblows,BodyBlows,Body Blows,-,root,2,Deals 0.75x Power SkillType.Physical damage to target enemy 2 times.,Reset target's current turn progress to zero if both hits land,-,-,-,[0.01;0.15],pool,,1,damage×1
bodyslam,BodySlam,Body Slam,-,enemy,0,-,-,-,-,-,[0.035;0.15;0.2;0.4;0.5;0.6;0.75;0.8;0.95;1.0;1.1;1.3;1.75;2.25;2.45],name-only,base_skill,0,
boltgun,Boltgun,Boltgun,-,root,1,Deals 0.66x MP SkillType.Physical damage to target enemy.,-,-,-,-,[0.5;0.66;1.5],pool,,1,damage×1
bombpunch,BombPunch,Bomb Punch,Bomb Pnch,enemy,1,Deals 1x Power SkillType.Physical and 1x Focus SkillType.Fire damage to enemies.,-,-,-,-,[0.01;0.125;0.25;0.3;0.35;0.475;0.625;1.375;1.525],pool,base_skill,1,damage×1
boneshield,BoneShield,Bone Shield,Bone Shld,defend,3,Blocks up to 2.5x Toughness damage taken. Sacrifice 10% of current HP.,Attackers take 1x Toughness SkillType.Physical damage,Attackers take SkillType.Physical damage.,-,-,[0.25;0.4;0.5;1.25;2;3;4],pool,base_skill,3,damage×3
booming,Booming,Booming,-,root,0,-,-,-,-,-,[0.35;0.7;1.0;1.4;12.0],name-only,,0,
boomkit,Boomkit,Boomkit,Booms become level 2,root,1,Bonus action. Access explosive gadgets.,-,-,-,-,[2;7],pool,,0,
bramblebulwark,BrambleBulwark,Vine Guard,Vine Guard,enemy,3,Redirect damage taken by unprotected allies onto yourself until your next turn.,Increases next turn delay,Converts some taken damage to SkillType.Stun,-,-,-,json-size,,3,damage×2;status×1
breakbones,BreakBones,Break Bones,Brk Bones,root,3,Deals 1.35x Power SkillType.Physical damage and lowers target's highest Attribute by 25% for 3 turns.,Decreases healing received by 25%,Lasts entire battle,-,-,[0.015;0.15;0.2;0.25;0.75;1.0;2],json,,1,damage×1
breakice,BreakIce,Break Ice,-,root,3,Deals 0.75x Focus SkillType.Ice damage per Frostbite stack. Consumes Frostbite.,Deals 0.75x Focus SkillType.Ice damage per Frostbite stack.,Consumed Frostbite stacks are spread to other enemies with Frostbite,-,-,[0.8;1.5;2;3],pool,,2,damage×2
brewingstorm,BrewingStorm,Brewing Storm,Brewing Storm,enemy,1,"Enemies take 1x Focus SkillType.Lightning damage every turn, but costs MP.",-,-,-,-,[0.1;0.15;0.25;1.0;1.15],json,base_skill,1,damage×1
bsod,BSOD,BSOD,-,enemy,1,Deals 3.0x Focus SkillType.Lightning damage to all enemies whenever an AI node is destroyed.,-,-,-,-,[0.5;1.5;1.75;2.5;4],pool,base_skill,1,damage×1
buboburst,BuboBurst,Bubo Burst,-,root,2,Remove all Plague stacks from ally. Spreads Plague stacks to enemies.,Heals ally for 5% Max HP for each stack,-,-,-,[0.25],pool,,1,heal×1
buffer,Buffer,Buffer,-,enemy,1,Increases CENCOM's forcefield strength by 1x Focus.,-,-,-,-,[0.25],pool,base_skill,0,
bulletpunch,BulletPunch,Bullet Punch,-,enemy,1,"Deals 0.1x Power SkillType.Physical and SkillType.Stun damage to target enemy 10 times, followed by a 1x Focus damage SkillType.Lightning strike.",-,-,-,-,[0.01;0.15;0.25],pool,base_skill,3,damage×2;status×1
bulwark,Bulwark,Bulwark,Bulwark,root,3,Redirects 25% of damage taken by allies onto yourself until your next turn.,Reduces ally damage taken from hits by 20%,Increases redirect to 35%,-,-,[5],json,,2,damage×2
burn,Burn,Burn,Burn,enemy,3,Deals 0.35x Focus SkillType.Fire damage immediately and over time for 3 turns. Max 3 stacks.,Refreshes all stacks on hit,Max 5 stacks,-,-,[0.85;2;3;4],json,base_skill,1,damage×1
burningfist,BurningFist,Burning Fist,BurnFist,root,3,Deals 0.8x Power SkillType.Physical and SkillType.Fire damage to target enemy.,Deals 0.4x Power SkillType.Fire damage over time for 3 turns,Damage over time increased to 0.6x Power damage,-,-,[0.01;0.15;0.5;0.85;1.5;2;3],json,,3,damage×3
callbomb,CallBomb,Call Bomb,-,enemy,1,Summons a sapper drone into a free party space.,-,-,-,-,-,pool,base_skill,1,summon×1
callcultist,CallCultist,Call Cultist,-,enemy,1,Summons another cultist of a random type to a free party space.,-,-,-,-,[3],pool,base_skill,1,summon×1
calldrone,CallDrone,Call Drone,-,enemy,1,Summons another drone into a free party space.,-,-,-,-,-,pool,base_skill,1,summon×1
callforbackup,CallForBackup,Call For Backup,Call Backup,root,3,Summon a random reserve party member with full stamina for 3 turns.,Summon a random reserve party member for 3 turns.,MP cost decreased by 25%,-,-,[0.25;3],pool,,2,summon×2
callguardian,CallGuardian,Call Guardian,-,enemy,1,Summons a guardian into a free front row party space.,-,-,-,-,[2;5],pool,base_skill,1,summon×1
callimp,CallImp,Call Imps,CallImp,enemy,1,"Summons up to 3 imps to free party spaces, up to a maximum of 6 imps.",-,-,-,-,[3;5],pool,base_skill,1,summon×1
callnurse,CallNurse,Call Nurse,-,root,2,Summon a Nurse that uses Treat at the same level as Ramesh. Lasts 5 turns.,Nurse healing adds to Insurance,-,-,-,[0.25;3;2],pool,,1,summon×1
callscorpion,CallScorpion,Call Scorpion,-,enemy,1,Summons another scorpion into the front row.,-,-,-,-,[2;5],pool,base_skill,1,summon×1
callspiderlings,CallSpiderlings,Call Spiderlings,-,enemy,1,Summons up to 3 spiderlings into empty spots.,-,-,-,-,[3],pool,base_skill,1,summon×1
callspirits,CallSpirits,Call Spirits,-,enemy,1,Summons up to 3 Will-o'-the-Wisps into empty spots.,-,-,-,-,[3],pool,base_skill,1,summon×1
callswarmer,CallSwarmer,Call Swarmer,-,enemy,1,Bonus Action. Summons a Swarmer to a free party space.,-,-,-,-,-,pool,base_skill,1,summon×1
callundead,CallUndead,Call Undead,-,enemy,1,Summons a zombie or will o wisp to an empty front row party spot.,-,-,-,-,[50.0;2;5],pool,base_skill,1,summon×1
callvoidzombie,CallVoidZombie,Call Void,CallVoidZombie,enemy,1,Summons a Void Zombie to an empty front row party spot.,-,-,-,-,[2;5],pool,base_skill,1,summon×1
callwolf,CallWolf,Call Wolf,-,enemy,1,Summons another wolf to the front row.,-,-,-,-,[2;5],pool,base_skill,1,summon×1
caltrops,Caltrops,Caltrops,Caltrops,root,3,Deals 100-125 SkillType.Physical damage when enemies use SkillType.Melee skills. Ends after being triggered 5 times.,50% chance to interrupt non-boss enemy's skill when triggered,Adds a stack of Envenom when triggered,-,-,[1.0;50.0;2],json,,1,damage×1
canabite,CanaBite,Cana Bite,-,fight,0,-,-,-,-,-,[0.2;0.65;3;2],name-only,base_skill,0,
cardthrow,CardThrow,Card Throw,Card Throw,fight,3,Deals 1.0x Technique SkillType.Physical damage to target enemy. More effects based on chosen suit.,"Deals 50% of damage as SkillType.Physical damage over time for 3 turns, up to 3 stacks",Deals double critical hit damage,-,-,[2;7;3;4],json,base_skill,3,damage×3
cardthrowclub,CardThrowClub,Card Throw Club,-,fight,1,Damage dealt increased by 50%.,-,-,-,-,-,pool,,1,damage×1
cardthrowdiamond,CardThrowDiamond,Card Throw Diamond,-,fight,1,Turn delay decreased by 50%.,-,-,-,-,-,pool,,0,
cardthrowheart,CardThrowHeart,Card Throw Heart,-,fight,1,Heal self for 50% of damage dealt.,-,-,-,-,[0.5],pool,,2,damage×1;heal×1
cardthrowspade,CardThrowSpade,Card Throw Spade,-,fight,1,"Damage decreased by 50%, but hits all targets in the row.",-,-,-,-,-,pool,,1,damage×1
cardthrowsubskill,CardThrowSubskill,Card Throw,CardThrowSubskill,fight,0,-,-,-,-,-,[0.4;1.0;3],name-only,base_skill,0,
carnage,Carnage,Carnage,Carnage,enemy,1,All allies gain 50% turn progress and instability increases. Enemies are confused and gain 100% increased Power.,-,-,-,-,[0.015;0.15;0.5;0.65;12.0;26.0;48.0;7;2],json,base_skill,0,
cauldron,Cauldron,Cauldron,-,root,2,Cast various spells by using Reagents.,Access Cauldron Spells.,-,-,-,[0.5;2;7],pool,,0,
cauterize,Cauterize,Cauterize,Cauterize,root,3,Dispels all SkillType.Debuff from target ally. Deals 10% Max HP SkillType.Fire damage to target for each SkillType.Debuff dispelled.,Increases target's Toughness by 15% for 3 turns,Increases target's Endurance by 15% for 3 turns,-,-,[0.6;1.15;2],json,,3,stat_mod×2;damage×1
cencomrepair,CencomRepair,Cencom Repair,-,enemy,1,Heals CENCOM for 1.75x Focus.,-,-,-,-,[0.2;0.4;0.6;1.0],pool,HealSkill,1,heal×1
chainlaser,ChainLaser,Chain Laser,-,fight,2,"Deals 0.5x Power SkillType.Energy damage up to 4 times in an area. Decreased turn delay after each use, until reload after 6 uses.",Deals 0.5x Power SkillType.Energy damage up to 4 times in an area. Reload after 6 uses.,-,-,-,[0.1],pool,Firearm,2,damage×2
chainlightning,ChainLightning,Chain Lightning,-,root,2,"Deals 1.0x Focus SkillType.Lightning damage to target, jumping to adjacent targets up to 3 times.","Deals 1.0x Focus SkillType.Lightning damage to target, chaining up to 3 times.",-,-,-,[0.01;0.015;0.15;0.5;1.5;2.0;2.5;3;2],pool,,2,damage×2
chainlightninglich,ChainLightningLich,Chain Lightning,Chain Ltng,defend,2,"Deals 1x Focus SkillType.Lightning damage to target, jumping to adjacent targets up to 3 times for 50% damage.","Deals 1x Focus SkillType.Lightning damage to target, chaining up to 3 times.",-,-,-,[0.01;0.15;2.0],pool,base_skill,2,damage×2
chainsaw,Chainsaw,Chainsaw,Chainsaw,root,3,Deals 200-250 piercing SkillType.Physical damage to target enemy. Three uses per battle.,Damage increased randomly up to 5-10% of target's current HP,Halves target's healing received,-,-,[0.004;0.05;0.1;0.2;0.35;0.4;0.45;0.5;0.6;0.7;0.8;1.25;1.75;2.0;12.0;16.0;38.0;3;2],json,,2,damage×2
chakra,Chakra,Chakra,-,root,2,Heals other allies for 1.25x Focus. Long turn delay.,Restores 1.25x Focus MP for allies,-,-,-,[0.1;0.6;2;3],pool,,1,heal×1
channel,Channel,Channel,-,enemy,1, damage. Channeling stops if broken.,-,-,-,-,[0.5;1.0;1.5;2.0;30.0;7;2;3;4;5],pool,base_skill,1,damage×1
chaosspores,ChaosSpores,Chaos Spores,Chaos Spr,enemy,1,Causes debilitating effects to enemy party.,-,-,-,-,[0.1;0.2;0.25;0.5;1.75;2.0;7;2],pool,base_skill,0,
charge,Charge,Charge,-,root,2,Deals 1x Power SkillType.Physical damage to enemies in a line.,50% increased damage against one target,-,-,-,[0.01;0.15;0.25;0.6],pool,,2,damage×2
chargedfist,ChargedFist,Charged Fist,-,inventions,1,Deals 120-210 SkillType.Lightning damage and shifts target to back row. Low turn delay.,-,-,-,-,[0.025;0.15;0.25;0.6;0.95;1.0;1.6;1.85],pool,Invention,1,damage×1
chargedhook,ChargedHook,Charged Hook,-,enemy,0,-,-,-,-,-,-,name-only,,0,
charm,Charm,Charm,Charm,defend,3,"Force a non-Boss enemy to attack an adjacent teammate next turn with a basic attack, if possible.",Attack deals 50% increased damage,Effect has 25% chance to persist,-,-,[25.0;7;3;2;4],json,base_skill,1,damage×1
chastise,Chastise,Chastise,Chastise,fight,3,Deals 1.2x Focus SkillType.Holy damage to target. Always hits.,Deals 0.6x Focus SkillType.Holy damage after target's next turn,Prevents target from targeting your party for one turn,-,-,[0.1;0.2;0.3;0.4;0.5;0.6;0.7;0.95;1.5;3;5],json,base_skill,2,damage×2
chill,Chill,Chill,Chill,fight,3,Deals 1x Focus SkillType.Ice damage to an enemy.,Decreases target's Speed by 25%,Adds 3 Frostbite,-,-,[0.75;1.0;1.5],json,base_skill,2,damage×1;stat_mod×1
chomp,Chomp,Chomp,-,enemy,1,Deals 1.5x Power SkillType.Physical damage. Pierces 50% of defenses.,-,-,-,-,[0.5;1.0;1.15;2;3],pool,base_skill,1,damage×1
chop,Chop,Chop,-,fight,3,Deals 1x Power SkillType.Physical damage to target. Deals 50% increased damage to Plants.,Damage increased by 30%,Deals 1x Power SkillType.Physical damage. 50% bonus damage to Plants.,-,-,[0.035;0.15;0.5;1.0;1.3;1.5;3;2],pool,base_skill,3,damage×3
claim,Claim,Claim,-,enemy,1,Steals 1.0x Focus HP and MP from all allies and enemies.,-,-,-,-,[2.0],pool,base_skill,0,
clawswipes,ClawSwipes,Claw Swipes,-,enemy,1,Deals 0.75x Power SkillType.Physical damage. Hits 2 times.,-,-,-,-,[0.4],pool,base_skill,1,damage×1
cleanse,Cleanse,Cleanse,-,root,2,Dispels all SkillType.Poison debuffs.,Heals target for 0.2x Focus HP for each SkillType.Debuff dispelled,-,-,-,[0.1;0.2;0.4;0.5;0.6;0.8;0.9;1.2;2.0;2;3],pool,,2,status×1;heal×1
clearcut,ClearCut,Clear Cut,-,enemy,1,All allies attack random targets.,-,-,-,-,-,pool,base_skill,0,
cleave,Cleave,Cleave,Cleave,root,3,Deals 1x Power SkillType.Physical damage to target. Row takes 0.5x Power SkillType.Physical damage.,Enemies bleed for 50% SkillType.Physical damage taken for 1 turn,Bleed now lasts 2 turns,-,-,[0.5;20.0;2;3;4;5],json,,4,damage×3;status×1
cloakrune,CloakRune,Cloak Rune,Cloak,root,1,Triggers after dodging. Hits adjacent allies or enemies for 1.5x Imbued effect.,-,-,-,-,[3],pool,,0,
clobber,Clobber,Clobber,-,fight,3,"Deals 1.5x Power SkillType.Physical and SkillType.Stun damage to target enemy, and SkillType.Stun damage to self.",Deals 35% increased damage to targets with lower HP,Deals 50% increased damage on a critical hit,-,-,[0.01;0.15;0.25;0.3;0.5;1.35;1.5;2;3],pool,base_skill,4,damage×3;status×1
clothesline,Clothesline,Clothesline,Clothesln,fight,3,Deals 1x Power SkillType.Physical and SkillType.Stun damage.,Decreases target's Toughness by 15% for 3 turns. Max 3 stacks.,Decreases target's Speed by 15%,-,-,[0.01;0.15;0.25;0.85;1.0;2;3],json,base_skill,4,stat_mod×2;damage×1;status×1
clownhammer,ClownHammer,Clown Hammer,-,fight,3,Deals 250-350 SkillType.Stun damage to an enemy.,Damage increased by 100,50% chance to gain Free Turn if miss,-,-,[50.0;3;2],pool,base_skill,3,damage×2;status×1
coagulate,Coagulate,Coagulate,-,root,3,Target enemy takes up to 0.5x Focus added SkillType.Dark damage when hit.,Damage taken by enemy gains 50% more piercing,Damage taken by enemy charges Blood Essence,-,-,[0.25;0.4;0.5;1.0;3],pool,,3,damage×3
coldcrush,ColdCrush,Cold Crush,-,enemy,0,-,-,-,-,-,[0.035;0.15;0.25;0.3;0.5],name-only,base_skill,0,
coldwallop,ColdWallop,Snow Plow,Snow Plow,enemy,1,Deals 0.6x Power SkillType.Physical and 0.6x Focus SkillType.Ice damage and sends target to the back row.,-,-,-,-,[0.025;0.15;0.2;1.0;2;7;3],json-size,base_skill,1,damage×1
combatroll,CombatRoll,Combat Roll,-,root,4,"Bonus Action. Swap position with an ally and gain a Free Turn. Three turn charge, but charge time increases with each use.",Bonus Action. Swap position with an ally and gain a Free Turn. Charges over time.,Dispel 2 SkillType.Debuff effects,Heal for 25% of missing HP,-,[0.25;2;3],pool,,1,heal×1
command,Command,Command,-,defend,4,Command an ally to use one of their skills. Ally loses current turn progress. Two turn charge.,Command an ally to use one of their skills. Ally loses current turn progress.,Ally no longer loses turn progress,Gain Free Turn after use,-,[2;3;7],pool,base_skill,0,
commandally,CommandAlly,Command Ally,-,enemy,1,Restores MP of an ally and gives them a free turn.,-,-,-,-,-,pool,base_skill,0,
commandhusk,CommandHusk,Command Husk,-,enemy,1,Restores MP of an ally husk and gives them a free turn.,-,-,-,-,-,pool,base_skill,0,
commandundead,CommandUndead,Command Undead,-,enemy,1,Restores MP of an ally undead and gives them a free turn.,-,-,-,-,[3],pool,base_skill,0,
commune,Commune,Commune,-,root,1,Access the Animal Spirit skills. Requires Spirit Walk.,-,-,-,-,[2;7],pool,,0,
concentrate,Concentrate,Concentrate,-,defend,1,Bonus Action. Deactivate Calm buff.,-,-,-,-,[0.1;0.2;0.5;0.6;1.0;1.5;2;3],pool,base_skill,0,
conduit,Conduit,Conduit,-,enemy,2,Steals 20% Max HP from all allies and deals SkillType.Dark damage to targets based on HP drained.,Steals HP from all allies to deal damage to target enemies.,-,-,-,[0.015;0.05;0.1;0.15;0.2;0.32;0.5;0.525;0.75;2.0;2;3;4],pool,base_skill,2,damage×2
consecrate,Consecrate,Consecrate,Consecrate,root,3,Enemies take 1x Focus SkillType.Holy damage every turn but costs MP.,Enemies deal 35% less damage,Costs 25% less MP per turn,-,-,[0.25;0.65;1.0;3],json,,2,damage×2
constrict,Constrict,Constrict,-,enemy,1,"Deals Entangle's damage to entangled target, and increases future entangle damage by 1x Power.",-,-,-,-,[5;2;3;4],pool,base_skill,1,damage×1
consume,Consume,Consume,-,enemy,0,-,-,-,-,-,[0.5],name-only,HealSkill,0,
consumeegg,ConsumeEgg,Consume Egg,-,enemy,1,"Eats an egg, heals self",-,-,-,-,[0.33],pool,base_skill,1,heal×1
coresurge,CoreSurge,Core Surge,Core Surge,enemy,1,"Doubles Power, Triples Speed, but decreases Toughness by 25% and deals 2% max HP self SkillType.Lightning damage.",-,-,-,-,[0.01;0.05;0.07;0.25;0.3;0.5;0.6;0.7;0.75;1.0;1.5;2.0;2.5;3.0;3.5],json,base_skill,2,damage×1;stat_mod×1
coresurgeplayer,CoreSurgePlayer,Core Surge Player,-,enemy,0,-,-,-,-,-,[0.5],name-only,,0,
corruptionblast,CorruptionBlast,Corruption Blast,-,enemy,1,Deals 1.6x Focus SkillType.Dark damage and 30% MP Damage. Charges with SkillType.Holy damage dealt.,-,-,-,-,[0.015;0.15;0.25;0.3;0.5;0.65;1.5;2.0;26.0],pool,base_skill,1,damage×1
cosmichorror,CosmicHorror,Cosmic Horror,-,enemy,1,Deals 2x Focus SkillType.Stun damage to all enemies.,-,-,-,-,[0.25;0.5;0.65;1.0;1.25;1.8],pool,base_skill,2,damage×1;status×1
coupdegras,CoupDeGras,Coup de Gras,-,root,0,-,-,-,-,-,-,name-only,,0,
covet,Covet,Covet,-,enemy,0,-,-,-,-,-,[0.7],name-only,base_skill,0,
crucifix,Crucifix,Crucifix,-,root,0,-,-,-,-,-,[0.1;0.15;0.25;0.5;0.75;1.25;1.26;40.0;2],name-only,,0,
crush,Crush,Crush,-,enemy,0,-,-,-,-,-,[0.035;0.15],name-only,base_skill,0,
crusharmor,CrushArmor,Crush Armor,CrushArmr,root,3,Deals 1.35x Power piercing SkillType.Physical damage to target.,Decreases target's Toughness by 75% for one turn,Target takes 50% increased SkillType.Physical damage for one turn,-,-,[0.015;0.15;0.25;0.5;0.98;1.0;2.0;3],pool,,3,damage×2;stat_mod×1
crushsoul,CrushSoul,Crush Soul,Crush Soul,root,3,Deals 1.35x Power SkillType.MP damage and decreases target's Discipline by 25%.,,,-,-,[0.01;0.15;0.25;1.0],json,,2,damage×1;stat_mod×1
cryogrenade,CryoGrenade,Cryo Grenade,Cryo Grenade,root,3,Deals 150-220 SkillType.Ice damage to target enemies. One use.,Lowers target speed and agility by 75% for 2 turns,2 uses,-,-,[0.25;2;3],json,,1,damage×1
cryoshot,CryoShot,Cryo Shot,Cryo Shot,enemy,3,Deals 1x Power SkillType.Ice damage to target enemy.,Non-boss target becomes frozen and cannot act or dodge for 2 turns,Target takes 30-40 piercing SkillType.Ice damage when hit,-,-,[0.2;0.25;0.35;0.5;0.7;0.8;0.85;1.0;3.0;3],json,base_skill,2,damage×2
curse,Curse,Curse,-,enemy,1,Target's received SkillType.Healing is reduced by 90% for 2 turns.,-,-,-,-,[0.1;0.25;0.4;0.5;1.0;2.0;2.25],pool,base_skill,0,
cyclonestaff,CycloneStaff,Cyclone Staff,-,root,0,-,-,-,-,-,[0.25;0.4;0.45;2.0;3],name-only,,0,
darkbargain,DarkBargain,Dark Bargain,Dark Bargain,enemy,3,"Revives a downed ally, but they take 10% Max HP SkillType.Physical damage over time, and can no longer bleed out.",Ally gains 35% increased Endurance while active,Ally no longer takes SkillType.Physical damage over time,-,-,[0.1;0.2;0.25;0.4;0.5;0.8;1.35;1.5;2.0;2.25;30.0;2;3],json,HealSkill,2,damage×2
darkbond,DarkBond,Dark Bond,DarkBond,root,3,Transfers 50% of taken damage to target as Dark damage. Only one active at a time.,Steals 35% of healing received from target,Damage transferred increased by 25%,-,-,[0.25;0.4;0.5;0.7;2],json,,2,damage×2
darkclaws,DarkClaws,Dark Claws,-,enemy,1,Deals 0.75x Power SkillType.Dark and SkillType.MP damage. Hits 2 times.,-,-,-,-,-,pool,Stance,1,damage×1
darkestbargain,DarkestBargain,Darkest Bargain,Dkst Bargain,enemy,1,"Revives all downed allies, but they take 10% Max HP SkillType.Physical damage over time, and can no longer bleed out.",-,-,-,-,-,json,HealSkill,1,damage×1
darkflame,DarkFlame,Dark Flame,-,root,2,Deals 1x Focus SkillType.Dark and SkillType.Fire damage. Uses all Newt Eye and Bat's Fur.,Deals 25% more damage for each Newt Eye,-,-,-,[0.015;0.2;0.25;0.3;0.5;0.6;0.8;1.0;3;2],pool,,2,damage×2
darkmatter,DarkMatter,Dark Matter,-,enemy,1,Deals 1.75x Focus SkillType.Dark damage to all enemies.,-,-,-,-,[0.25;0.5;1.0;1.25;1.8],pool,base_skill,1,damage×1
darkmatterbomb,DarkMatterBomb,Dark Mtr Bomb,DarkMatterBomb,inventions,1,Deals 120-180 SkillType.Dark and 40-60 SkillType.MP damage to target enemies.,-,-,-,-,[-15.0;1.0;2.0;3.0;15.0],pool,Invention,1,damage×1
darkmirror,DarkMirror,Dark Mirror,-,enemy,1,Summons copies of atomized heroes.,-,-,-,-,[0.2;0.25;1.25;1.5;2],pool,base_skill,1,summon×1
darkprism,DarkPrism,Dark Prism,-,enemy,1," taken SkillType.Healing to SkillType.Dark damage, and is then broken.",-,-,-,-,[0.25;0.4;0.5;1.0;2.0;2.25;2;3;4],pool,base_skill,1,damage×1
darkshroud,DarkShroud,Dark Shroud,Dark Shroud,enemy,3,"Increases ally dodge chance for three turns, while draining MP to restore HP per turn.","Increases ally dodge chance for three turns, while draining MP to restore HP per turn.","Increases ally dodge chance for three turns, while draining MP to restore HP per turn.",-,-,[-0.5;0.25;1.0;2.0;25.0],json,HealSkill,0,
darkwords,DarkWords,Dark Words,-,root,1,Bonus Action. Access Dark Word skills.,-,-,-,-,[2;7],pool,,0,
dazzle,Dazzle,Dazzle,-,fight,3,Deals 1x Technique SkillType.Stun damage to enemies in the front row.,Also deals .5x Technique SkillType.MP damage,Deals 50% of SkillType.Stun damage to back row,-,-,-,pool,base_skill,5,damage×3;status×2
deathlywind,DeathlyWind,Deathly Wind,-,enemy,0,-,-,-,-,-,[0.8;10.0;3],name-only,base_skill,0,
deathshroud,DeathShroud,Death Shroud,Death Shrd,root,3,Bonus Action. Gain Lv. 3 Reap and Dark Bargain skills. Ends at 0 MP. Three turn charge.,Gain 100% of Wisdom as Focus while active,Always hit while active,-,-,[-25.0;0.25;0.5;2;3],json,,1,stat_gain×1
deathwormburrow,DeathWorm_Burrow,Death Worm_Burrow,-,enemy,0,-,-,-,-,-,-,name-only,base_skill,0,
deathwormburst,DeathWorm_Burst,Death Worm_Burst,-,enemy,0,-,-,-,-,-,-,name-only,base_skill,0,
deathwormconsume,DeathWorm_Consume,Death Worm_Consume,-,enemy,0,-,-,-,-,-,[0.12;0.5;1.8],name-only,HealSkill,0,
debug,Debug,debug.exe,debug.exe,enemy,1,Converts up to 3 SkillType.Debuff on CENCOM to +20 Focus/Speed SkillType.Buff instead.,-,-,-,-,[0.2;0.4;0.5;0.6;20.0],json-size,base_skill,0,
decay,Decay,Decay,-,tbreak,1,Removes all dispellable SkillType.Buff effects from enemies.,-,-,-,-,[0.25;1.35],pool,BreakSkill,0,
decayenemy,DecayEnemy,Decay Enemy,-,tbreak,0,-,-,-,-,-,[2],name-only,BreakSkill,0,
defend,Defend,Defend,Defend,defend,1,Decrease incoming damage by 20% until next turn.,-,-,-,-,[0.8],json,base_skill,1,damage×1
defrag,Defrag,Defrag,-,enemy,0,-,-,-,-,-,[0.2;0.25;0.4;0.5;15.0],name-only,base_skill,0,
dejavu,DejaVu,Deja Vu,-,fight,1,"Target ally repeats their last SkillType.Attack skill without expending turn progress, if possible.",-,-,-,-,[0.5;0.8;3;2;7],pool,base_skill,0,
desecrate,Desecrate,Desecrate,Desecrate,root,3,Enemies take 1x Focus SkillType.Dark damage every turn but costs MP.,Enemies take 15% more damage,Costs 25% less MP per turn,-,-,[0.15;0.25;1.0;3],json,,2,damage×2
detonate,Detonate,Detonate,-,enemy,1,"Deals 10x Power SkillType.Physical damage, and kills user.",-,-,-,-,[1.0],pool,base_skill,1,damage×1
devastate,Devastate,Devastate,-,enemy,1,Deals 3.0x Power SkillType.Energy damage to all enemies.,-,-,-,-,[0.015;0.1;0.15;0.2;0.32;0.5;0.525;0.7;0.75;2.0;3.0;50.0],pool,base_skill,1,damage×1
devastatorcharge,DevastatorCharge,Devastator Charge,-,enemy,1,Charge up Devastator Weapon.,-,-,-,-,[0.2;0.5;0.7;1.0;3.0],pool,base_skill,0,
devour,Devour,Devour,Devour,enemy,1,"Deals SkillType.Physical damage. Pulls an enemy inside Sin, where it loses HP over time until it is digested or broken out.",-,-,-,-,[-0.25;0.6;0.8;1.0;1.5],json,base_skill,1,damage×1
devoursoul,DevourSoul,Devour Soul,-,root,2,Restores 75% of OWNER.NAME's MP,"Automatically triggers when HP is critical or MP is below 25%, if possible",-,-,-,[0.25;0.4;0.5;0.7;0.75;0.8;2.85;3.0;3.05;50.0;2;3],pool,,0,
direclaw,DireClaw,Dire Claw,-,enemy,0,-,-,-,-,-,[0.01;0.15;0.2;0.25;0.4;0.5;1.0;1.35;3],name-only,base_skill,0,
direct,Direct,Direct,-,root,3,"Command Ghalib's current summon to use one of their skills, if possible.",Skill deals 25% increased damage or healing,Decreased turn delay by 25%,-,-,[0.25;25.0;2;3],pool,,2,summon×1;damage×1
directive,Directive,Directive,-,root,2,Directs KillBot to target an enemy and grants it a Free Turn.,Increases KillBot's damage by 35% against target,-,-,-,[0.5],pool,,2,grant×1;damage×1
disarm,Disarm,Disarm,Disarm,root,3,Bonus Action. Deals 0.75x Power SkillType.Physical damage and decreases target's Power by 50% for 1 turn.,Also deals SkillType.Stun damage,Lasts 3 turns,-,-,[0.15;0.5;1.0;1.5;2.0],json,,4,damage×2;stat_mod×1;status×1
discard,Discard,Discard,-,enemy,1,Removes stolen SkillType.Buff and deals 1.5x Focus SkillType.Holy damage to random targets for each removed.,-,-,-,-,[0.21;0.25;0.4;0.5],pool,base_skill,1,damage×1
disengage,Disengage,Disengage,-,defend,2,Heals for 40% Max HP and shift to back row. Must be in front row.,Restores 1 use of Javelin and Rete,-,-,-,[0.3;0.4;0.6;2;7;3],pool,base_skill,1,heal×1
displacement,Displacement,Displacement,-,root,1,Swap position and grant ally a Free Turn. Two turn charge.,-,-,-,-,[0.05;0.25;50.0;2;7;3],pool,,1,grant×1
divebomb,DiveBomb,Dive Bomb,-,fight,0,-,-,-,-,-,-,name-only,base_skill,0,
divineshield,DivineShield,Divine Shield,Divine Shld,root,5,Blocks all damage taken by ally until your next turn. Limit one.,Increases target's healing received by 50% while active,Dispels all SkillType.Debuff effects on end,Blocks all incoming damage.,Healing received increased.,[0.25;0.3;0.4;0.45;0.5;1.0;1.5;30.0;2;3],pool,,2,damage×2
dokunoken,Dokunoken,Dokunoken,Dokunoken,enemy,1,Deals 1.5x POW SkillType.Physical damage to target row. Targets take 1.5x POW SkillType.Physical and SkillType.Poison damage per turn for 2 turns. Cannot be resisted.,-,-,-,-,[0.2;0.5;1.0;1.5;20.0;3],json,base_skill,2,damage×1;status×1
dominatemind,DominateMind,Dominate Mind,Dominate,root,3,Sacrifice 20% of current HP. Target non-boss enemy cannot act for 3 turns. Long turn delay.,Target takes 25% increased damage,Nullifies SkillType.Healing on target,-,-,[0.25;1.5;2;3],json,,1,damage×1
doomlance,DoomLance,Doom Lance,-,enemy,0,-,-,-,-,-,[0.01;0.15;0.25;0.4;0.5;1.0;2.0;2.25;3],name-only,base_skill,0,
doomprophecy,DoomProphecy,Doom Prophecy,Doom,fight,3,A random enemy takes 3x Focus SkillType.Holy damage after 3 turns. Stackable 10 times.,Enemy's SkillType.Healing received decreased by 10% per stack,Enemy takes 0.2x Focus SkillType.Holy damage per turn per stack,-,-,[0.05;0.2;0.35;0.5;0.6;0.9;1.0;1.6;2.0;2],json,base_skill,2,damage×2
doppelganger,Doppelganger,Doppelganger,-,enemy,1,Copies an opposing enemy.,-,-,-,-,[3],pool,base_skill,0,
dragonblade,DragonBlade,Dragon Blade,Dragon Bld,fight,1,Also deals 0.5x Focus SkillType.Fire damage,-,-,-,-,[0.2;0.5;3;2],pool,base_skill,1,damage×1
dragonrush,DragonRush,Dragon Rush,DragonRsh,root,3,"Deals 2x Power SkillType.Physical and SkillType.Fire damage, but decreases OWNER.NAME's attributes by 35% and cannot be used again for 3 turns.",Take 50% decreased damage while exhausted,Always deals critical damage,-,-,[0.01;0.1;0.15;0.2;0.25;0.3;0.4;0.5;0.6;0.65;2;3],json,,3,damage×3
dragunder,DragUnder,Drag Under,Drag Under,enemy,1,"Deals SkillType.Physical and SkillType.Stun damage. Pulls an enemy under the water, where it takes SkillType.Physical damage over time until it is digested or broken out.",-,-,-,-,[-0.35;0.35;0.6;0.8;1.0;1.5;3;2;4],json,base_skill,2,damage×1;status×1
drainhusk,DrainHusk,Drain Husk,Drain Husk,enemy,3,"Deals Dark damage to an ally husk, and heals self based on damage dealt. Grants target bonus Toughness.","Deals Dark damage to an ally husk, and heals self based on damage dealt. Grants target bonus Toughness.","Deals Dark damage to an ally husk, and heals self based on damage dealt. Grants target bonus Toughness.",-,-,-,json,base_skill,9,damage×3;heal×3;grant×3
drainingcloud,DrainingCloud,Draining Cloud,Draining Cloud,map,1,Causes SkillType.MP damage after every turn.,-,-,-,-,[0.2],json,base_skill,1,damage×1
drainlife,DrainLife,Drain Life,Drain Life,root,3,Deals 1.5x Focus SkillType.Dark damage to target and heals caster for damage dealt.,Also restores half of damage done as MP,Up to 100% more damage based on missing HP,-,-,[0.2;0.25;0.4;0.5;0.6;0.75;0.8;2.0;2.25;3;2],json,,4,damage×3;heal×1
drainpunch,DrainPunch,Drain Punch,-,enemy,1,"Deals 0.5x Power SkillType.Physical and SkillType.Dark damage, and restores HP based on damage dealt.",-,-,-,-,[0.2;0.25;0.4;0.5;0.6;0.8;1.0;1.25],pool,base_skill,1,damage×1
drawsoul,DrawSoul,Draw Soul,DrawSoul,root,3,Revive ally as an uncontrollable Spirit. Spirit is immune to damage and can't be targeted. Take SkillType.MP damage on Ally's turn.,Decreased MP damage taken,Now a Bonus Action,-,-,[0.15;0.25;0.75;1.0;32.0;3;2],json,,2,damage×2
dreamdust,DreamDust,Dream Dust,-,enemy,1,"Deals 5x Focus SkillType.Sleep damage to primary target, and 2.5x Focus SkillType.Sleep damage to adjacent targets.",-,-,-,-,[0.5],pool,base_skill,3,damage×2;status×1
dronebattery,DroneBattery,Drone Battery,-,drone,1,The drone powers down after a certain number of turns.,-,-,-,-,[1.0;3.0],pool,base_skill,0,
dronelauncher,DroneLauncher,Drone Launcher,Drones,root,2,Access deployable drones.,All deployable drones gain +50% to all attributes,-,-,-,[1.5;2;7;3],pool,,0,
dropkick,Dropkick,Dropkick,-,root,0,-,-,-,-,-,[0.01;0.15;0.25;0.5;10.0],name-only,,0,
drown,Drown,Drown,-,root,0,-,-,-,-,-,[0.25;0.8;0.85;1.0;6.0;3],name-only,,0,
duel,Duel,Duel,Duel,root,3,OWNER.NAME and enemy can only target each other for 3 turns. Cannot be dispelled or resisted.,Deal 35% increased damage to target,Target deals 50% decreased damage,-,-,[0.25;0.3;0.35;0.5;1.0;3.0;2;3],json,,2,damage×2
dynamite,Dynamite,Dynamite,-,root,1,Deals 100-150 SkillType.Physical and 50-70 SkillType.Fire damage to target enemies.,-,-,-,-,[0.4;2;3],pool,,1,damage×1
eagleeye,EagleEye,Eagle Eye,-,root,1,Your next SkillType.Attack skill cannot miss and deals 35% more damage.,-,-,-,-,[0.35;50.0;2;3],pool,,1,damage×1
echoing,Echoing,Echoing,-,root,1,Next SkillType.Spell this turn repeats on a second target.,-,-,-,-,[0.35;0.7;1.0;1.3;1.4;12.0],pool,,0,
eclipse,Eclipse,Eclipse,-,root,4,Sacrifice 30% of current HP to deal 0.25x Max HP + 1.5x Focus SkillType.Dark damage to enemies. Charges on sacrificed HP.,Sacrifice 30% of Current HP to deal SkillType.Dark damage to all enemies.,Damage pierces 50% of defenses,Deals 50% more damage to Soul Eater target,-,[-0.3;0.15;0.25;0.5;1.0;1.5;3;2],pool,,4,damage×4
edgehoning,EdgeHoning,Edge Honing,Edge Honing,city,1,Decreases target Power.,-,-,-,-,[0.99],json,base_skill,0,
edict,Edict,Edict,Edict,root,3,Non-boss enemies' next skills cannot target your party. Three turn charge.,Steals 50% of target's MP for allies when effect ends,Removes all of target's SkillType.Buff when effect ends,-,-,[0.25;0.8;1.2;2.0],json,,0,
eject,Eject,Eject,-,root,1,Bonus Action. Exit your Steam Mech.,-,-,-,-,-,pool,,0,
electrify,Electrify,Electrify,Electrify,enemy,1,Adds 0.5x Focus SkillType.Lightning damage with SkillType.Attack skills and melee attackers take 1x SkillType.Lightning damage for 3 turns.,-,-,-,-,[0.5;0.8;1.0;1.5;2],json,base_skill,1,damage×1
elementalmagic,ElementalMagic,Elemental Magic,Elements,root,1,Access basic Elemental Magic.,-,-,-,-,[2;7],pool,,0,
elkspirit,ElkSpirit,Elk Spirit,ElkSprt,root,3,Summon an Elk Spirit that casts Regrowth on allies.,Allies heal for 5% Max HP every turn,Cast Healing Rain when expiring,-,-,[0.25;2;7;3],pool,,2,summon×1;heal×1
emberbolt,EmberBolt,Ember Bolt,-,root,3,Deals 0.6x Focus SkillType.Physical damage and regenerates MP on hit.,"Deals extra damage based on missing MP, up to double",Consumes one Overheat to double damage dealt,-,-,[0.6;1.5;2.0;3;2],pool,,3,damage×3
empower,Empower,Empower,Empower,enemy,3,Allies gain 50% increased Speed until their next turn. Two turn charge.,Allies deal 50% more damage their next turn,Allies gain turn 50% progress,-,-,[3],json,base_skill,1,damage×1
encircle,Encircle,Encircle,-,enemy,1,Summons Hell Flames around the caster.,-,-,-,-,[0.5;1.0],pool,base_skill,1,summon×1
energize,Energize,Energize,Energize,root,3,Sacrifice 20% of current HP. Restore 0.5x Focus MP to all allies. Increased turn delay.,Allies gain 15% turn progress,Allies' next skill deals 25% increased damage or healing,-,-,[0.2;0.25;0.5;1.0;1.5;15.0;5],json,,1,damage×1
energizer,Energizer,Energizer,Energizer,inventions,1,Increases target's attributes by 50% for 1 turn and grants 50% turn progress.,-,-,-,-,[0.5;1.5;50.0],json,Invention,1,grant×1
energylance,EnergyLance,Energy Lance,-,root,2,Deals up to 2.5x Focus SkillType.Energy damage by converting 35% of current MP into damage.,MP conversion 50% more effective,-,-,-,[0.25;0.35;0.4;0.5;0.65;1.0;1.5;2.1;2.6;20.0;3],pool,,1,damage×1
energywave,EnergyWave,Energy Wave,Energy Wave,root,3,Sacrifice 20% of current HP. Deals 1.3x Focus SkillType.Energy damage to enemies in the front row.,Decreases target Technique by 25% for 2 turns,Hits all enemies,-,-,[0.015;0.15;0.2;0.5;0.65;1.5;26.0;3;2],json,,2,damage×1;stat_mod×1
enfeeblingray,EnfeeblingRay,Enfeebling Ray,Enfbl Ray,root,3,Decreases target enemy's Power by 50% for 2 turns. 2 uses.,Decreases target Toughness by 50%,Decreases target Speed by 35%,-,-,[0.25;0.35;0.5;0.65;0.85;2;3],json,,2,stat_mod×2
enrage,Enrage,Enrage,Enrage,root,3,Increases SkillType.Physical damage that you deal and take by 50% for 5 turns.,Increases Speed by 25%,Damage taken penalty reduced to 25%,-,-,[0.2;0.25;0.4;0.5;0.6;1.0;1.25;2;3],json,,3,damage×2;stat_mod×1
enragebeast,EnrageBeast,Enrage Beast,Enrage,enemy,3,"Increases Power, Endurance, and Speed for a beast ally. Grants Free Turn.","Increases Power, Endurance, and Speed for a beast ally. Grants Free Turn.","Increases Power, Endurance, and Speed for a beast ally. Grants Free Turn.",-,-,[0.15;0.75;1.5;2.5;3.0],json,base_skill,3,grant×3
entangle,Entangle,Entangle,-,enemy,1,"Target becomes rooted, cannot act, and takes 1x Power SkillType.Physical damage after every turn.",-,-,-,-,[0.5;3;2;4],pool,base_skill,1,damage×1
entice,Entice,Entice,-,enemy,1,Taunts target for 1 turn.,-,-,-,-,-,pool,base_skill,0,
entomb,Entomb,Entomb,Entomb,root,3,Deals 0.45x Focus SkillType.Physical damage and decreases Speed and Agility by 50%. Costs MP every turn. Limit one. Cannot miss.,Also deals SkillType.Stun damage,MP cost decreased by 35%,-,-,[0.1;0.2;0.3;0.5;0.7;2.0;20.0;40.0;2],json,,3,damage×2;status×1
enzymes,Enzymes,Enzymes,-,enemy,1,Deals 1.0 SkillType.Physical damage and lowers Toughness by 50% for 3 turns.,-,-,-,-,[0.05;0.07;0.3;0.5;0.6;0.7;0.8;1.0;1.5;3],pool,base_skill,2,damage×1;stat_mod×1
execute,Execute,Execute,-,root,1,Deals 2.5x Power SkillType.Physical damage to target critical enemy.,-,-,-,-,[0.25;0.4;0.5],pool,,1,damage×1
explode,Explode,Explode,-,drone,1,"Explodes and dies, dealing heavy damage to all enemies.",-,-,-,-,[0.5;1.0625;2.1;3.0;3.25;4],pool,base_skill,1,damage×1
exsanguinate,Exsanguinate,Exsanguinate,-,root,0,-,-,-,-,-,[0.05;0.15;0.25;0.5;1.0;10.0;50.0],name-only,,0,
extort,Extort,Extort,Extort,root,3,Target enemy has a 35% chance for their turn to be interrupted. Lasts until dispelled. No effect on Bosses.,Steals one dispellable SkillType.Buff on interrupt,Gain 25% turn progress on interrupt,-,-,[0.5;0.75;1.5;25.0;35.0;2;3],json,,0,
eyelaser,EyeLaser,Eye Laser,-,root,1,Deals 2.5x Power SkillType.Energy damage to target enemy.,-,-,-,-,-,pool,,1,damage×1
fade,Fade,Fade,Fade,root,3,Cannot be directly targeted by enemies and decreases damage taken by 50% for 1 turn.,Decreases damage taken by 75%,All SkillType.Attack skills miss,-,-,[3],json,,2,damage×2
fairycurse,FairyCurse,Fairy Curse,Fairy Curse,root,3,Target enemy's technique decreased by 50% for 2 turns.,Target cannot dodge,Target's SkillType.Healing received decreased by 90%,-,-,[0.1;0.5;2.25;2;3],json,,0,
fairykiss,FairyKiss,Fairy Kiss,Fairy Kiss,root,3,Target ally's skills cannot miss for 1 turn.,Target gains +10% to all attributes,Other SkillType.Buff effects on target gain +1 turn duration,-,-,[0.2;0.25;0.5;1.0;1.1;2],json,,0,
faithhealing,FaithHealing,Faith Healing,Faith Heal,root,3,Dispels up to 3 SkillType.Debuff on target.,Heals target for 0.5x Focus HP for each SkillType.Debuff dispelled,Target gains 1 stack of Nirvana for each SkillType.Debuff dispelled,-,-,[0.1;0.2;0.4;0.5;0.6;0.8;0.9;1.2;2.0;3;2],pool,,1,heal×1
falchion,Falchion,Falchion,-,fight,1,Deals 100% more damage during Rekindle,-,-,-,-,[0.5;1.0;2.0;3;2],pool,base_skill,1,damage×1
falconscout,FalconScout,Falcon Scout,-,defend,1,Target takes 30% increased damage and cannot dodge.,-,-,-,-,[0.2;0.3;0.4],pool,base_skill,1,damage×1
fallingleaf,FallingLeaf,Falling Leaf,-,defend,2,Deals 1.35x Discipline SkillType.Physical damage to random enemy targets 8 times.,Also deals SkillType.Lightning damage,-,-,-,[0.1;0.15;0.2;0.35;3],pool,base_skill,2,damage×2
fanofblades,FanOfBlades,Fan of Blades,-,root,4,Deals 1x Power SkillType.Physical damage to a random enemy per Blade stack. Consumes all Blade stacks.,Deals 1x Power SkillType.Physical damage to a random enemy per Blade stack.,Deals 15% more damage per remaining Blade,35% chance to not consume each Blade,-,-,pool,,3,damage×3
fatalspear,FatalSpear,Fatal Spear,-,root,0,-,-,-,-,-,[-20.0;0.15;0.25;0.4;0.5;0.6;1.0;1.4;1.65;1.9;3],name-only,,0,
fatalsting,FatalSting,Fatal Sting,Fatal Stg,enemy,1,"Deals 6x Power SkillType.Physical damage to target, and kills the user.",-,-,-,-,-,pool,base_skill,1,damage×1
feedback,Feedback,Feedback,Feedback,root,3,Target takes 1x Focus SkillType.Energy damage after using SkillType.Attack skills. Lasts 3 turns. Only targets enemies that have SkillType.Attack skills. Stacks.,Target deals 25% less damage with SkillType.Attack skills,Now lasts for 5 turns,-,-,[0.1;0.15;0.2;0.3;0.45;0.5;0.6;0.75;0.85;0.95;1.0;1.5;2;3;4;5],json,,2,damage×2
fight,Fight,Fight,-,fight,2,Damage increased by 15%,Damage increased by additional 15%,-,-,-,[1.15;2;3],pool,base_skill,2,damage×2
finisher,Finisher,Finisher,-,root,0,-,-,-,-,-,[0.02;0.05;0.15;0.25;0.3;0.55;0.6;0.66;1.0;2.0;2;3],name-only,,0,
fireball,Fireball,Fireball,Fireball,root,3,Deals 1.2x Focus SkillType.Fire damage to target enemies.,Pierces 50% of defenses,Deals 0.6x Focus SkillType.Fire damage over time for 2 turns,-,-,[0.5;0.85;1.0;3;2],json,,2,damage×2
fireblast,FireBlast,Fire Blast,Fire Blst,root,1,Deals 0.65x Focus SkillType.Fire damage to enemies in the front row.,-,-,-,-,[0.0025;0.0037;0.005;0.03;0.2;0.21;0.25;0.4;0.6;0.8;2.0;2],pool,,1,damage×1
firehose,Firehose,Firehose,-,root,2,Deals 1.5x Power SkillType.Physical and SkillType.Ice damage to enemies. Three turn charge.,Deals 1.5x Power SkillType.Physical and SkillType.Ice damage to enemies.,-,-,-,[0.25],pool,,2,damage×2
firestorm,Firestorm,Firestorm,-,enemy,1,Absorbs all Hellflames and deals SkillType.Fire damage to all enemies based on number absorbed.,-,-,-,-,[0.015;0.1;0.15;0.2;0.32;0.5;0.525;0.75;2.0],pool,base_skill,1,damage×1
flame,Flame,Flame,-,root,1,Deals 1.5x Focus SkillType.Fire damage to target enemy.,-,-,-,-,[3;2],pool,,1,damage×1
flamecoat,Flamecoat,Flamecoat,Flamecoat,root,3,Adds 0.5x Focus SkillType.Fire damage with SkillType.Attack skills for 3 turns.,Attackers take 0.5x Focus SkillType.Fire damage,Increases all SkillType.Fire damage dealt by target by 35%,-,-,[0.35;0.5;0.8;1.0;2.5;2;3],json,,3,damage×3
flamejet,FlameJet,Flame Jet,Flame Jet,root,3,Deals 1x Focus SkillType.Fire damage to target enemies.,Also deals 0.5x Focus SkillType.Fire damage over time for 2 turns,Increases SkillType.Fire damage taken by 35%,-,-,[0.25;0.35;0.4;0.5;0.85;1.5;2.0;2.5;2;3;4],json,,3,damage×3
flamerush,FlameRush,Flame Rush,Flm Rush,enemy,1,"Deals 0.5x Power SkillType.Physical and 1.0x Focus SkillType.Fire damage, and deals 0.5x Focus SkillType.Fire damage every turn.",-,-,-,-,[0.01;0.1;0.15;0.2;0.25;0.3;0.4;0.6;0.85],json,base_skill,2,damage×2
flameshield,FlameShield,Flame Shield,-,defend,5,Blocks up to 0.35x Focus SkillType.Fire damage taken for each stack of Overheat. Consumes Overheat.,Blocks up to 0.35x Focus SkillType.Fire damage taken for each stack of Overheat.,Deals 0.5x Focus SkillType.Fire damage to attackers,Blocking damage gains Overheat, damage and deals SkillType.Fire damage to attackers.,[0.5;2.0;2;3;4],pool,base_skill,5,damage×5
flamethrower,Flamethrower,Flamethrower,-,fight,1,Deals 1x Power SkillType.Fire damage and 0.5x Power SkillType.Fire damage every turn for 3 turns.,-,-,-,-,[0.25;0.35;0.4;0.5;0.85;1.5;2.0;2.5;2;3;4],pool,base_skill,2,damage×2
flashheal,FlashHeal,Flash Heal,-,root,2,Bonus Action. Heals an ally for 1.5x Focus. Two turn charge.,"Heals up to double, based on target's missing HP",-,-,-,[0.2;1.0;2.0;2;3],pool,,2,heal×2
flight,Flight,Flight,Flight,root,3,Replace Guard Strike and Penance with Strafe and Grab. Become untargetable for 3 turns. Three turn charge.,Increases Speed by 50%,Increases Power by 50%,-,-,[-20.0;0.15;0.5;1.0;1.5;2;3],json,,3,stat_mod×2;status×1
flintlock,Flintlock,Flintlock,-,defend,2,Damage increased by .35x Technique,"Turn delay decreased by 5% for each stack of SkillType.Alcohol on OWNER.NAME, max 25%",-,-,-,[0.05;0.35;1.0;3;2],pool,base_skill,1,damage×1
flit,Flit,Flit,Flit,defend,3,Swap position and grant target ally 10% Turn Progress.,Target gains double dodge chance for 1 turn,Activates Pixie Dust after shifting,-,-,[0.04;0.05;10.0;3],json,,1,grant×1
flourish,Flourish,Flourish,Flourish,fight,3,"Deals 1.25x Power SkillType.Physical damage to target enemy, with a 10% decreased chance to hit.",Increases dodge chance by 25% until next turn,Damage increased by 10% for each stack of SkillType.Alcohol on OWNER.NAME,-,-,[0.1;0.25;0.33;0.41;0.49;0.5;1.0;1.25;2;3],json,base_skill,2,damage×2
flurry,Flurry,Flurry,-,fight,1,Deals 0.3x Power SkillType.Physical damage to an enemy three times.,-,-,-,-,[0.15;0.25],pool,base_skill,1,damage×1
forcefield,Forcefield,Forcefield,Forcefield,root,1,Blocks damage and deals energy thorns damage on melee hit.,-,-,-,-,[0.33;0.5;0.66;0.75;0.99;1.0;1.32;1.5;1.75;2;3;4],json,,1,damage×1
forcefieldsparkle,ForcefieldSparkle,Forcefield Sparkle,-,root,0,-,-,-,-,-,-,name-only,,0,
fourpillars,FourPillars,Four Pillars,-,root,1,Access the Four Elemental Pillar skills. Requires Zen Trance.,-,-,-,-,[0.5;1.5;2;7],pool,,0,
foxfire,Foxfire,Foxfire,-,defend,3,Strongest enemy takes 1x Discipline + SkillType.Fire damage equal to 75% of missing party HP.,Heals allies for 75% of missing HP,Restores 50% of allies' missing MP,-,-,[0.6;0.7;0.75;1.0;1.75;2.25;30.0;2],pool,base_skill,2,damage×1;heal×1
fragility,Fragility,Fragility,-,root,0,-,-,-,-,-,[-20.0;0.1;0.15;0.25;0.5;0.75;1.0;1.5;20.0;2;3],name-only,,0,
freezeray,FreezeRay,Freeze Ray,Freeze Ray,root,3,Deals 90-120 SkillType.Ice damage to target enemy. 1 use.,Non-boss target becomes frozen and cannot act or dodge for 2 turns,Target takes 30-40 piercing SkillType.Ice damage when hit,-,-,[0.2;0.25;0.35;0.5;0.7;0.8;0.85;1.0;3.0;2;3],json,,2,damage×2
freezingwind,FreezingWind,Freezing Wind,Frz Wind,map,1,Causes SkillType.Ice damage after every turn and decreases speed.,-,-,-,-,[0.05;0.65;1.0],json,base_skill,1,damage×1
frenzy,Frenzy,Frenzy,Frenzy,defend,3,"Bonus Action. Increases Speed by 50% and damage dealt by 35%, but lose control.",Immune to SkillType.Stun and SkillType.Sleep damage,Cannot be downed while active,-,-,[0.35;0.5;1.0;1.5;3;2],json,base_skill,5,damage×2;status×2;stat_mod×1
frostray,FrostRay,Frost Ray,-,defend,2,Deals 1.2x Focus SkillType.Ice damage and decreases target Speed by 50% for 1 turn.,Deals 1.2x Focus SkillType.Ice damage and decreases target SPD by 50% for 1 turn.,-,-,-,[0.35;0.5;40.0],pool,base_skill,3,damage×2;stat_mod×1
frostshield,FrostShield,Frost Shield,Frost Shld,root,3,Blocks up to 2x Focus damage on target ally.,Ally is immune to SkillType.Stun damage,Ally gains Focus equal to 20% of OWNER.NAME's Focus,-,-,[0.2;0.25;0.66;0.95;1.0;1.5;3;2;4],json,,3,damage×2;status×1
froststrike,FrostStrike,Frozen Kick,Frozen Kick,root,3,Deals 1.2x Power SkillType.Physical and SkillType.Ice damage to target enemy.,Decreases target's Toughness by 35% for 3 turns,Increases SkillType.Fire SkillType.Lightning and SkillType.Ice damage taken by target by 35%,-,-,[0.01;0.15;0.25;0.35;0.65;0.85;1.0;1.05;1.3;2.35;3],json-size,,3,damage×2;stat_mod×1
frozenbomb,FrozenBomb,Frozen Bomb,Frozen Bomb,enemy,1,"Deals SkillType.Ice damage to enemies in an area, and decreases their speed.",-,-,-,-,[0.5;0.7;0.8],json,AddedDamageSkill,1,damage×1
frozensolid,FrozenSolid,Frozen Solid,-,enemy,1,"Target cannot act for 1 turn and decreases target Toughness by 50%, and Agility to zero.",-,-,-,-,[0.2;0.5;0.8;0.9;1.0;2.0;2.25;2;3;4],pool,base_skill,1,stat_mod×1
fuse,Fuse,Fuse Countdown,Fuse,enemy,1,Explode after 3 turns.,-,-,-,-,[1.0],pool,base_skill,0,
gadgetkit,GadgetKit,Gadget Kit,-,fight,0,-,-,-,-,-,[2;7],name-only,base_skill,0,
gaiasembrace,GaiasEmbrace,Gaias Embrace,-,root,0,-,-,-,-,-,[0.1;0.2;0.25;0.35;0.4;0.5;2;3;5],name-only,,0,
gammakaze,GammaKaze,Gamma Kaze,-,enemy,0,-,-,-,-,-,[0.1;0.2;0.25;0.35;0.66],name-only,base_skill,0,
gammawave,GammaWave,Gamma Wave,Gamma Wave,enemy,1,"Decreases all enemy Speed and Toughness by 15%, and deals 0.5x Focus SkillType.Poison damage over time for 6 turns. Cannot miss.",-,-,-,-,[0.5;0.85;1.0;1.5;2.0;3.5;2;3;4],json,base_skill,2,damage×1;status×1
gather,Gather,Gather Shadows,Gather,enemy,3,Unleashes a Shadow Driver after 1 turn. Channeled. Damage taken from hits while channeling is decreased by 50% and is added to Shadow Driver's damage.,Shadow Driver also damages adjacent enemies for 50%,Shadow Driver always hits,-,-,[0.25;0.4;0.5;1.0;1.25;1.5;2.0;2;3;4;7],json-size,base_skill,2,damage×1;status×1
gavel,Gavel,Gavel,-,fight,2,Deals 200-300 SkillType.Stun damage to an enemy.,Deals 50 additional damage for each SkillType.Debuff on the target,-,-,-,[2;3],pool,base_skill,3,damage×2;status×1
gaze,Gaze,Gaze,Gaze,enemy,1,Force target enemy to attack an adjacent teammate and take SkillType.Dark damage for 3 turns. Doubles their Power. Channeled.,-,-,-,-,[7;2],json,base_skill,1,damage×1
geniusbase,GeniusBase,Genius Base,-,transform,1,"Return to Claire's unarmored state, with access to her standard tool kit.",-,-,-,-,-,pool,,0,
geniusfrozen,GeniusFrozen,Genius Frozen,-,transform,1,Transform into Claire's Frozen form.,-,-,-,-,-,pool,,1,status×1
geniushacker,GeniusHacker,Genius Hacker,-,transform,1,Transform into Claire's Hacker form.,-,-,-,-,-,pool,,0,
geniusinscriber,GeniusInscriber,Genius Inscriber,-,transform,1,Transform into Claire's Inscriber form.,-,-,-,-,-,pool,,0,
geniusoccultist,GeniusOccultist,Genius Occultist,-,transform,1,Transform into Claire's Occultist form.,-,-,-,-,-,pool,,0,
geniusscavenger,GeniusScavenger,Genius Scavenger,-,transform,1,Transform into Claire's Scavenger form.,-,-,-,-,-,pool,,0,
geniustank,GeniusTank,Genius Tank,-,transform,1,Equip Claire's heavy battle armor.,-,-,-,-,-,pool,,0,
geniustransform,GeniusTransform,Genius Transform,-,transform,0,-,-,-,-,-,[1.0;1.25;30.0],name-only,base_skill,0,
givetreat,GiveTreat,Give Treat,-,root,3,Target ally is healed for 50% Max HP and dispels 1 SkillType.Debuff on target.,"If target is a Beast, it gains a Free Turn","If target has a summon, the summon gains a Free Turn",-,-,[0.5;0.75;2;3],pool,,1,summon×1
gladius,Gladius,Gladius,-,fight,3,Deals 1.25x Power SkillType.Physical damage to target. Increases AGI by 25% for one turn. Shift to front row.,Deals 1.25x Power SkillType.Physical damage. Increases AGI by 25%. Shift to front row.,Decreases target's SkillType.Healing received by 50% for 3 turns.,-,-,[0.5;1.0;1.25;1.5;2;7],pool,base_skill,2,damage×2
glowoval,GlowOval,Glow Oval,-,root,0,-,-,-,-,-,[0.1;0.25;0.3;0.45;1.25;1.75;1.8],name-only,,0,
gluebomb,GlueBomb,Glue Bomb,Glue Bomb,root,3,Decreases target Speed and Agility by 50% and target is Rooted for 3 turns. 1 use.,Non-boss target loses all current turn progress,35% chance to interrupt target's skills,-,-,[-15.0;0.5;0.8;1.0;2.0;15.0;35.0;3;2],json,,0,
glueburst,GlueBurst,Glue Burst,Glue Burst,inventions,1,Decreases target Speed and Agility by 50% and targets are Rooted for 3 turns.,-,-,-,-,-,json,,0,
goadingstrike,GoadingStrike,Goading Strike,GoadStrike,fight,1,Deals 1.35x Power SkillType.Physical damage and Taunts target.,-,-,-,-,[1.15;2;3],pool,base_skill,1,damage×1
gore,Gore,Gore,Gore,fight,3,"Deals SkillType.Physical damage, causes bleeding, and decreases SkillType.Healing received.","Deals SkillType.Physical damage, causes bleeding, and decreases SkillType.Healing received.","Deals SkillType.Physical damage, causes bleeding, and decreases SkillType.Healing received.",-,-,[0.01;0.1;0.15;0.2;0.75;1.0;3;5],json,base_skill,3,damage×3
grab,Grab,Grab,Grab,root,3,"Pick up a non-boss target. Target cannot act and is dropped on OWNER.NAME's next turn, or when Flight ends, for 1x Speed SkillType.Physical damage.",Also deals SkillType.Stun damage,Deals 25% increased damage,-,-,[-40.0;-20.0;0.015;0.15;0.2;0.5;1.0;1.2;20.0;40.0],json,,4,damage×3;status×1
grandfinale,GrandFinale,Grand Finale,Gr Finale,root,3,All other allies gain the effects of Illusion skill. Four turn charge.,OWNER.NAME dodges all damage for 1 turn,Allies are healed for 50% Max HP and MP,-,-,[0.2;2.5;2],json,,1,damage×1
grapeshot,GrapeShot,Grapeshot,-,root,0,-,-,-,-,-,-,name-only,,0,
grapplinghook,GrapplingHook,Grappling Hook,-,root,0,-,-,-,-,-,[0.25;36.0;3;2],name-only,,0,
gravescall,GravesCall,Grave's Call,Grv's Call,root,3,"Deals up to 5.5x Focus SkillType.Dark damage to an enemy, based on target's missing HP.",Deals up 2x Focus SkillType.Dark damage over time for 2 turns,"Target is instantly killed, instead of bleeding out, if Downed",-,-,[0.25;0.36;0.4;0.5;10.0;3;5],json,,2,damage×2
gravity,Gravity,Gravity,-,tbreak,1,"All allies gain the Rooted trait, making them unable to be shifted.",-,-,-,-,-,pool,BreakSkill,0,
greatshell,GreatShell,Great Shell,-,defend,3,Blocks up to 5x Discipline damage taken from hits for party. Ends Sword Spirit.,Reduces damage taken by 35% while active,Hits have a 35% chance to miss allies while active,-,-,[0.35;0.5;0.65;35.0;3;2;4],pool,base_skill,2,damage×2
grenade,Grenade,Grenade,-,root,1,Deals 100-150 SkillType.Physical and 50-70 SkillType.Fire damage to target enemies. One use.,-,-,-,-,[0.4;3;2],pool,,1,damage×1
grenadeexplosion,GrenadeExplosion,Grenade Explosion,-,root,2,Dispel 1 SkillType.Debuff from self for each Sin,Gain 1 Resist for each Sin,-,-,-,-,pool,,0,
grenadepunch,GrenadePunch,Grenade hits twice,-,root,0,-,-,-,-,-,[0.01;0.1;0.125;0.25;0.3;0.35;0.625;1.125;1.475;1.5;1.625;2.375;2.525;2;3],name-only,,0,
groundglow,GroundGlow,Ground Glow,-,root,0,-,-,-,-,-,[0.4;0.5;2.0],name-only,,0,
growl,Growl,Growl,Growl,enemy,1,"Increases Power, Speed, and Technique for all allies.",-,-,-,-,[0.015;0.1;0.15;0.2;1.0;1.25;2.0;16.0],json,base_skill,0,
guardstrike,GuardStrike,Guard Strike,Guard Strk,root,3,Deals 0.66x Power SkillType.Physical damage and decreases damage taken by 25% for 1 turn.,Lasts 2 turns,Counter attack incoming SkillType.Melee skills while active,-,-,[0.75;3;2;7],json,,1,damage×1
guitarsolo,GuitarSolo,Guitar Solo,-,root,1,Deals 0.65x Tech SkillType.Sonic damage to random enemies up to 10 times.,-,-,-,-,[0.25;0.5;1.0;1.5;3.5;26.0],pool,,1,damage×1
gunplay,Gunplay,Gunplay,-,defend,1,Access ranged Gunplay skills.,-,-,-,-,[2;7],pool,base_skill,0,
hack,Hack,Hack,-,root,4,Target enemy takes 2x Focus SkillType.Stun damage and non-Boss loses 50% of current turn progress. Double damage vs Mechanical.,Target takes 2x FCS SkillType.Stun damage and non-Boss loses 50% turn progress. 2x vs Mech.,"Dispels 1 SkillType.Buff on target, +1 for each stack of RAM",Deals .75x Focus SkillType.Lightning damage for each SkillType.Buff dispelled,-,[2.0;3],pool,,5,damage×3;status×2
halt,Halt,Halt,Halt,fight,3,Target enemy's turn progress is decreased by 50%.,Target's speed decreased by 10% for 3 turns,Target's next skill deals 50% decreased damage or healing,-,-,[0.5;0.8;0.9;3;7],json,base_skill,1,damage×1
harmbeam,HarmBeam,Beast Slayer,Beast Slayer,fight,1,"Deal 25% increased damage to Beast enemies, but 15% reduced damage to Mechanical and Undead enemies.",-,-,-,-,[0.2;0.4;0.5;0.6;1.0;3;2;4],json-size,base_skill,1,damage×1
harvest,Harvest,Harvest,Harvest,fight,1,Deals SkillType.Physical damage and causes bleeding for 3 turns.,-,-,-,-,[0.1;0.5;33.0],json,base_skill,1,damage×1
haste,Haste,Haste,Haste,tbreak,1,Give one ally an immediate turn and increase their speed by +100 for 5 turns.,-,-,-,-,-,json,BreakSkill,0,
hasteenemy,HasteEnemy,Haste Enemy,-,tbreak,0,-,-,-,-,-,-,name-only,BreakSkill,0,
hatchmaggot,HatchMaggot,Hatch Maggot,-,enemy,1,Summons a Maggot in the egg's place.,-,-,-,-,[0.04;0.1;0.5;0.65;0.98;1.03],pool,base_skill,1,summon×1
hatchspiderling,HatchSpiderling,Hatch Spiderling,Hatch,enemy,1,Summons a spiderling in the egg's place.,-,-,-,-,[0.1;0.2;0.4;0.65;0.75;1.25;15.0],pool,base_skill,1,summon×1
haunt,Haunt,Haunt,Haunt,root,3,Deals 0.5x Focus SkillType.Dark damage every turn for 3 turns.,Damage increases by 25% every turn,Transfers to another enemy on end,-,-,[0.15;0.25;0.3;0.6;1.35;2.25;3;5],json,,2,damage×2
haymaker,Haymaker,Haymaker,-,root,3,"Deals 1.35x Power SkillType.Physical damage to an enemy, with a 10% decreased chance to hit.",35% increased damage,Also deals 4x the damage dealt as SkillType.Stun damage,-,-,[1.35;4.0;3;2],pool,,4,damage×3;status×1
headbutt,Headbutt,Headbutt,-,root,0,-,-,-,-,-,[0.015;0.15;0.25;0.4;0.75;1.0;1.5;1.75],name-only,,0,
healbeam,HealBeam,Heal Beam,-,drone,1,Heals an ally for a moderate amount.,-,-,-,-,[0.2;0.25;0.4;0.5;0.6;1.0;3;2],pool,HealSkill,1,heal×1
healingaria,HealingAria,Healing Aria,Heal Aria,root,3,Song. Heals allies for 0.35x OWNER.NAME's Technique at the end of OWNER.NAME's turn.,Dispels one SkillType.Debuff when healing,Heals weakest ally twice,-,-,[1.0;1.25;1.5;2.25],json,,2,heal×2
healingrain,HealingRain,Healing Rain,HealRain,root,2,All allies heal for 0.75x Focus for three turns.,Removes one SkillType.Debuff per heal,-,-,-,[0.33;0.5;1.0;1.5;2],pool,,2,heal×2
healingtonic,HealingTonic,Healing Tonic,Heal Tonic,root,3,"Heals target for 50% Max HP, but target has a 35% chance to lose control. Three uses.",Decreases SkillType.Stun damage taken by 25%,Increases Power and Toughness by 15%,-,-,[0.5;0.75;1.0;1.15;30.0;35.0;2;3],json,,3,heal×1;damage×1;status×1
healingvapors,HealingVapors,Healing Vapors,HealVprs,root,3,Reduces SkillType.Poison damage taken by 80% for all allies for 3 turns.,"After Ambroise's turn, allies gain 3 Resist","After Ambroise's turn, heals allies for 5% Max HP per Plague",-,-,[0.05;0.07;0.2;0.25;0.3;0.5;0.6;0.66;0.7;1.0;1.2;2.0;15.0;3],json,,3,damage×1;status×1;heal×1
healingwisp,HealingWisp,Healing Wisp,-,root,2,Summon a wisp that casts Regrowth. Lasts 5 turns.,Wisp gains 50% of your Focus,-,-,-,[0.25;0.5;2;3],pool,,2,summon×1;stat_gain×1
healingword,HealingWord,Healing Word,-,root,3,Heals an ally for a 0.8x Focus.,Also heals a second random ally,Decreased turn delay,-,-,[0.1;0.2;0.25;0.35;0.4;0.6;0.9;1.35;1.6;3],pool,,2,heal×2
healwave,HealWave,Heal Wave,-,drone,1,Heals all allies for a moderate amount.,-,-,-,-,[0.6;1.0],pool,HealSkill,1,heal×1
heartbreak,Heartbreak,Heartbreak,-,enemy,0,-,-,-,-,-,[-15.0;0.015;0.15;0.2;0.25;0.4;0.5;1.0;2.0;2.3;2.5;14.0;15.0;23.0],name-only,base_skill,0,
heatwaveskill,HeatWaveSkill,Heat Wave,HeatWaveSkill,enemy,2,Deals SkillType.Fire damage to everyone in the battle.,Deals SkillType.Lightning damage to everyone in the battle.,-,-,-,[0.25;0.5;1.0],pool,base_skill,2,damage×2
heavyarmor,HeavyArmor,Heavy Armor,-,defend,2,Grants shield equal to 7.5x Focus when in Steam Mech., damage when in Steam Mech.,-,-,-,[0.5;1.25;7.5;2;3;4],pool,base_skill,2,grant×1;damage×1
heavycannon,HeavyCannon,Heavy Cannon,-,fight,1,Deals Physical and Stun damage to an enemy.,-,-,-,-,-,pool,base_skill,2,damage×1;status×1
heavydronelaser,HeavyDroneLaser,Heavy Drone Laser,-,enemy,0,-,-,-,-,-,-,name-only,,0,
heavyrocket,HeavyRocket,Heavy Rocket,-,enemy,1,Deals Physical damage to enemies in an area.,-,-,-,-,[1.25;1.5],pool,base_skill,1,damage×1
hellclaws,Hellclaws,Hellclaws,-,root,1,Deals 0.35x Power SkillType.Physical damage to enemies three times.,-,-,-,-,[0.25],pool,,1,damage×1
hellride,HellRide,Hell Ride,-,root,0,-,-,-,-,-,[0.2;0.25;0.45;0.5;1.0;1.5;2.0;2.35;2.5;4.0;20.0;2;3],name-only,,0,
hex,Hex,Hex,-,fight,4,Bonus action. Target takes 25% more damage from damage over time effects. Cannot be resisted.,Bonus action. Target takes 25% more damage from damage over time effects.,Removes all resist stacks,Deals 3x Focus SkillType.Dark damage if dispelled,-,[0.25;1.0;3.0;3;2;5],pool,base_skill,3,damage×3
hibernate,Hibernate,Hibernate,Hibernt,root,3,"Fall asleep, but regain 50% of max HP and MP. Automatically wake at turn start if full HP. 3 turn charge.",Gain Ambush after use,Automatically activate when critical,-,-,[0.15;0.25;1.0;3],json,,1,stat_gain×1
hide,Hide,Hide,Hide,root,3,Cannot be directly targeted by enemies and decreases damage taken by 50% for 1 turn.,Decreases damage taken by 75%,Dispels all SkillType.Debuff on use,-,-,[0.15;0.25;0.5;0.8;1.0;3;2],json,,2,damage×2
hologram,Hologram,Hologram,-,enemy,1,Summon a clone of a random enemy for 5 turns.,-,-,-,-,[0.25;0.7;2;7],pool,base_skill,1,summon×1
holoprojector,HoloProjector,Holo Projector,Holo Proj.,enemy,1,Summon 3 clones of a random enemy for 5 turns in random summon slots.,-,-,-,-,[0.25;0.7;2;7],pool,base_skill,1,summon×1
holyblast,HolyBlast,Holy Blast,-,root,0,-,-,-,-,-,[0.1;0.15;0.25;0.3;0.55;0.75;0.9;1.0;1.2;1.55;1.65;1.66;50.0;3;2],name-only,,0,
holylance,HolyLance,Holy Lance,-,fight,1,Deals 1.25x Power SkillType.Holy damage to a column.,-,-,-,-,-,pool,base_skill,1,damage×1
holyrays,HolyRays,Holy Rays,-,root,2,Gain the lost HP as MP,Deal up to 35% increased damage based on missing HP,-,-,-,[0.5],pool,,1,damage×1
holyshield,HolyShield,Holy Shield,HolyShld,root,4,Blocks up to 1x Focus damage taken by target ally.,Heals for 1x the damage blocked,Increases all target attributes by 25% while active, damage and heals for 2x the damage blocked.,-,[0.25;0.4;0.5;1.25;3;2;4],pool,,5,damage×3;heal×2
holywrath,HolyWrath,Holy Wrath,-,root,2,Deals 1x Power SkillType.Physical and SkillType.Holy damage to enemies in an area.,Pierces 35% of defenses,-,-,-,[0.01;0.05;0.07;0.15;0.2;0.25;0.3;0.35;0.5;0.6;0.7;1.0;1.2;1.4;1.65;3;2],pool,,1,damage×1
hook,Hook,Hook,-,root,3,Deals 0.5x Power SkillType.Physical and SkillType.Stun damage per Combo. Consumes Combo. Charges when gaining Combo.,Deals 0.5x Power SkillType.Physical and SkillType.Stun damage per Combo. Charges when gaining Combo.,Target loses all turn progress,-,-,[0.01;0.15;0.5;0.7;1.5;2.0;3;2],pool,,4,damage×2;status×2
hotandsteamy,HotAndSteamy,Hot and Steamy,Hot Steamy,enemy,1,Deals 1x Power SkillType.Fire damage and decreases target toughness and discipline.,-,-,-,-,[0.5;1.0;1.5],json,base_skill,1,damage×1
howl,Howl,Howl,-,enemy,3,"Increases Power, Speed, and Technique by 25% for all allies.",Reduces damage taken by 50% while critical,Allies gain 35% turn progress,-,-,[0.5;1.0;1.25;2],pool,base_skill,1,damage×1
huntertools,HunterTools,Hunter Tools,-,root,1,Access Vampire Hunter Tools.,-,-,-,-,[2;7],pool,,0,
hyperbeam,HyperBeam,Hyper Beam,-,root,2,Drains all Nuclear Battery charge and deals 2x Power SkillType.Energy damage to all enemies. 3 turn charge. Cannot miss.,Drains all Nuclear Battery charge and deals 2x POW SkillType.Energy damage to all enemies.,-,-,-,[0.0014;0.5;0.7;0.85;1.5;1.6;2;3],pool,,2,damage×2
hypeup,HypeUp,Hype Up,Hype Up,root,3,Allies gain 50% increased Speed until their next turn. Three turn charge.,Allies deal 50% more damage their next turn,Allies gain turn 50% progress,-,-,[0.15;0.25;0.5;0.9;1.0;1.4;1.5;1.6;50.0;2],json,,1,damage×1
hypnosis,Hypnosis,Hypnosis,Hypnosis,city,1,Sleeping enemies lose 15% speed.,-,-,-,-,[0.85],json,base_skill,0,
hypnotize,Hypnotize,Hypnotize,Hypnotize,defend,3,Deal 2x TEC SkillType.Sleep damage per turn for 3 turns or until target non-boss falls asleep. Damage doubles every turn. Channeled.,Damage taken by target does not decrease sleep,Target's SPD decreased by 75% while channeling,-,-,[0.25;3;2],json,base_skill,4,damage×2;status×2
ice,Ice,Ice,-,root,3,Deals 1.5x Focus SkillType.Ice damage to target enemy.,Also deals 1x Focus SkillType.Stun damage with Echoing Glyph,Deals 50% more damage with Piercing Glyph,-,-,[1.5;2;3],pool,,4,damage×3;status×1
icespike,IceSpike,Ice Spike,-,root,1,Deals 0.8x Focus SkillType.Ice damage to target then half damage in area.,-,-,-,-,[0.005;0.025;0.25;0.5],pool,,1,damage×1
icevolley,IceVolley,Ice Volley,-,enemy,1,Deals 0.2x Toughness piercing SkillType.Ice and SkillType.Physical damage 6 times to target.,-,-,-,-,[0.05;0.3;6],pool,base_skill,1,damage×1
icicle,Icicle,Icicle,-,fight,1,Deals 1x Focus SkillType.Ice damage to target.,-,-,-,-,[0.5;3;2],pool,base_skill,1,damage×1
icu,ICU,ICU,ICU,root,3,Revive an ally at 35% Max HP after 2 turns. Requires and removes Nurse.,Revives ally with 65% Max HP,Ally gains Free Turn,-,-,[0.02;0.1;0.2;0.25;0.3;0.35;0.4;0.5;0.65;0.75;1.0;1.35;12.0;2;3],json,,0,
icybulwark,IcyBulwark,Icy Bulwark,-,enemy,0,-,-,-,-,-,-,name-only,,0,
icyclaws,IcyClaws,Icy Claws,-,fight,1,"Deals SkillType.Physical and SkillType.Ice damage to target, lowers Discipline, and deals SkillType.Ice damage over time.",-,-,-,-,[0.1;0.65],pool,AddedDamageSkill,1,damage×1
icygrasp,IcyGrasp,Icy Grasp,-,enemy,1,Target takes 0.5x Power SkillType.Ice damage and can no longer bleed out.,-,-,-,-,[0.25;0.4;0.5;0.75;1.0],pool,base_skill,1,damage×1
illusion,Illusion,Illusion,Illusion,root,3,Target ally cannot be directly targeted by enemies and decreases damage taken by 50% for 1 turn.,Target ally's skills cannot miss,Target's SkillType.Spell skill hits deal 50% increased damage,-,-,[0.15;0.2;0.25;0.5;1.0;1.5;2;3],json,,2,damage×2
imbuerune,ImbueRune,Imbue Rune,Imbue,root,3,"Add an effect to current Rune, and apply to an ally. Effect loses 25% strength on trigger.",Only loses 20% strength on trigger,Always at least 35% effective,-,-,[0.5;2;7],pool,,0,
impale,Impale,Impale,-,root,2,Deals 3x Power piercing SkillType.Physical damage to target. Three turn charge.,Deal extra damage up to 10% of target's current HP,-,-,-,[0.01;0.1;0.15;2;3],pool,,2,damage×2
imperative,Imperative,Imperative,-,defend,3,Sacrifice 20% of current HP. Fortified ally gains a Free Turn. 4 turn charge.,Sacrifice 20% of current HP. Fortified ally gains a Free Turn.,Ally restores 20% Max MP,-,-,[0.2;3;2],pool,base_skill,0,
impgrenade,ImpGrenade,Imp Grenade,-,enemy,1,Deals 1x Power SkillType.Physical and 0.5x Power SkillType.Fire damage to target enemies. 3 uses.,-,-,-,-,[0.5],pool,base_skill,1,damage×1
implosion,Implosion,Implosion,-,root,3,Bonus Action. Sacrifice Bound Imp to deal damage to all enemies. Cannot have Hellish Vigor.,Heal for 25% of your Imp's HP,Implosion skill deals 50% increased damage,-,-,[0.25;0.5;2;3],pool,,3,damage×2;heal×1
incision,Incision,Incision,Incision,root,3,Deals 0.85x Power SkillType.Physical damage and lowers target's Endurance by 20% for 3 turns.,Increases all damage target takes by 25%,Nullifies SkillType.Healing on target,-,-,[0.25;0.8;1.0;2.0;20.0;2;3],json,,3,damage×2;stat_mod×1
infernalbreath,InfernalBreath,Infernal Breath,Inferno,enemy,1,Deals 2.0x Focus SkillType.Fire damage to enemies in an area.,-,-,-,-,[0.01;0.15;0.25;0.5;2.0],pool,base_skill,1,damage×1
injunction,Injunction,Injunction,Injunction,root,3,Target's next turn is interrupted. Once per enemy.,Resets target's current turn progress if not resisted,Deals 0.35x Focus SkillType.MP damage if not resisted,-,-,[0.35;3;2],json,,1,damage×1
innerfire,InnerFire,Inner Fire,Inner Fire,enemy,1,"Increases Speed, Power, and Focus by +12. Stacks infinitely.",-,-,-,-,[-1.2;0.05;0.07;0.2;0.25;0.3;0.5;0.6;0.7;1.2;2.5;3.1416;12.0;30.0],json,base_skill,0,
inspire,Inspire,Inspire,Inspire,root,3,"Bonus Action. Share 2% of OWNER.NAME's attributes with all allies for each stack of Heroism, until OWNER.NAME's next turn.",Allies gain turn progress for each stack of Heroism,Heals allies by 1% missing HP for each stack of Heroism,-,-,[0.01;0.25;0.65;1.0;15.0;2;3],json,,1,heal×1
instruct,Instruct,Instruct,-,defend,2,"Command ally with Bargain to use one of their skills, if possible.",Decreased turn delay by 35%,-,-,-,[35.0;2;3;7],pool,base_skill,0,
intangible,Intangible,Intangible,Intangible,enemy,1,Decreases damage taken by 95% for one turn.,-,-,-,-,[0.05;0.25;0.5;0.8;1.0],json,base_skill,1,damage×1
intimidate,Intimidate,Intimidate,-,root,2,Deals 1.5x Power SkillType.Stun damage to an enemy. Always hits.,50% more damage to enemies with lower HP,-,-,-,[0.1;0.2;0.25;0.4;0.5;1.0;1.5;1.75;2.0;10.0;12.0;30.0;2;3],pool,,3,damage×2;status×1
invademind,InvadeMind,Invade Mind,Invade Mind,enemy,1,"Target cannot heal and attacks an adjacent teammate for 3 turns with Void Strike, if possible.",-,-,-,-,[2.0],json,base_skill,1,heal×1
invent,Invent,Invent,-,defend,1,Bonus Action. Target ally gains a random single use SkillType.Gadget skill.,-,-,-,-,[0.5;1.8;2;7;3],pool,base_skill,0,
invigorate,Invigorate,Invigorate,-,root,3,Restores 1.5x Focus MP to target ally. +50% to Fortified ally.,Also restores 1.5x Focus HP,Dispels all SkillType.Debuff,-,-,[0.2;0.4;0.5;0.6;1.0;1.5;3;2],pool,,0,
invigoratehusk,InvigorateHusk,Invigorate Husk,-,enemy,1,"Restores MP of an ally husk, grants bonus speed for 3 turns, and gives them a free turn.",-,-,-,-,[0.2],pool,,1,grant×1
invisiblewall,InvisibleWall,Invisible Wall,InvisWall,root,3,Bonus Action. Blocks up to 1.5x Technique direct damage taken by the party.,Consume 25% of MP to increase shield,Shield blocks 15% more damage,-,-,[0.1;0.25;0.75;1.0;1.1;1.15;1.5;2;3;4],pool,,3,damage×2;status×1
ionblast,IonBlast,Ion Blast,-,fight,4,Deals 0.75x Power SkillType.Energy damage to target enemy. Hits adjacent targets if Nuclear Battery charge is at least 25%.,Deals 0.75x Power SkillType.Energy damage to target enemies.,Hits all enemies if Nuclear Battery charge is at least 50%,Also deals 2x Power SkillType.Stun damage if Nuclear Battery charge is at least 50%,-,[0.2;0.5;2.0;25.0;50.0;3;2],pool,base_skill,4,damage×3;status×1
irradiate,Irradiate,Irradiate,-,defend,1,Removes all debuffs and heals self slightly.,-,-,-,-,[0.1;0.1529;0.5;0.65;0.8471;0.9098;2.0],pool,base_skill,1,heal×1
isolate,Isolate,Isolate,-,enemy,0,-,-,-,-,-,[0.5;1.0;1.75;2;3;4],name-only,base_skill,0,
jab,Jab,Jab,-,fight,2,Bonus Action. Deals 0.75x Power SkillType.Physical damage.,Next SkillType.Attack deals 35% increased damage,-,-,-,[0.2;0.35;1.0;1.5;3;2],pool,base_skill,2,damage×2
jam,Jam,Jam,Jam,defend,3,Bonus Action. Use damaging SkillType.Sonic skills for three turns.,Can use Riff skill,Can use Guitar Solo skill,-,-,[0.2;1.5;2;7;3],json,base_skill,0,
javelin,Javelin,Javelin,-,root,0,-,-,-,-,-,-,name-only,,0,
jinx,Jinx,Jinx,Jinx,root,3,Target's chance to hit decreased by 50% for 3 turns.,Target cannot dodge,All hits on target become critical,-,-,[0.25;0.4;0.5;2.0;2.25;2;3],json,,0,
joust,Joust,Joust,-,root,3,Deals 2x Power SkillType.Physical damage to enemies in a line. Two turn charge.,Miss chance reduced by 10% for each stack of Honor,Deals 10% more damage for each stack of Honor,-,-,[0.01;0.1;0.15;0.25;0.6;1.0;2;3],pool,,2,damage×2
judgment,Judgment,Judgment,-,root,3,Deals 2.0x Focus SkillType.Dark damage to target critical HP enemy. Cannot miss.,Deals 2.0x Focus SkillType.Dark damage to target critical enemy.,Deals 25% increased damage for each SkillType.Debuff on the target,-,-,[0.25;1.0;3;2],pool,,3,damage×3
juggle,Juggle,Juggle,-,defend,2,Deal 0.35x Technique SkillType.Stun damage to enemies. Gain 3 stacks of Blade.,Automatically Throw Blade after use at full Blade stacks.,-,-,-,[0.25;0.35;1.0;3;2],pool,base_skill,2,damage×1;status×1
kanabo,Kanabo,Kanabo,Kanabote,enemy,0,-,-,-,-,-,[2.0],name-only,,0,
kappa,Kappa,Kappa,-,root,1,Damage taken decreased by up to ,-,-,-,-,[0.5;7;2;3],pool,,1,damage×1
katana,Katana,Katana,Katana,fight,3,Deals 1x Power SkillType.Physical damage to an enemy.,Apply 25% of damage dealt as SkillType.Physical damage over time for 3 turns,Damage gains 50% piercing,-,-,[0.25;0.5;3;2;4;5],json,base_skill,3,damage×3
kill,Kill,Kill,-,root,3,Deals massive SkillType.Physical damage to a critical enemy.,Deals Physical damage to a critical enemy.,Always critical damage,-,-,[3],pool,,3,damage×3
killbeam,KillBeam,Kill Beam,-,root,2,Deals 2.5x Power SkillType.Energy damage to target critical HP enemy. Cannot miss.,Deals 2.5x Power SkillType.Energy damage to target critical enemy.,-,-,-,[3],pool,,2,damage×2
kineticbarrier,KineticBarrier,Kinetic Barrier,-,defend,2,Bonus Action. Blocks up to 200 damage on target ally until after their next turn.,Damage exceeding barrier's remaining block is nullified,-,-,-,[0.4;0.42;0.5;1.25;1.5;2;3;4],pool,base_skill,2,damage×2
kitsune,Kitsune,Kitsune,Kitsune,root,3,Replace Katana with Rising Flame. Cast Foxfire on end.,Gain 50% of Discipline as Power and Agility while active,Discipline % increases dodge chance,-,-,[0.04;0.5;0.85;1.0;7;2;3],json,,1,stat_gain×1
krakenflail,KrakenFlail,Kraken Flail,KrakenTentacle,enemy,1,Deals 0.75x Power SkillType.Physical damage to random enemy targets for each tentacle.,-,-,-,-,-,pool,base_skill,1,damage×1
krakenroar,KrakenRoar,Kraken Roar,-,enemy,1,Deals SkillType.Stun damage and increases speed and power.,-,-,-,-,[1.0;1.05],pool,base_skill,2,damage×1;status×1
kunai,Kunai,Kunai,-,root,1,Deals 0.8x Power SkillType.Physical damage to target enemy.,-,-,-,-,[0.1],pool,,1,damage×1
laserpistol,LaserPistol,Laser Pistol,Pistol,fight,3,Deals 1x Focus SkillType.Energy damage to target.,Also deals 0.3x Focus SkillType.Fire damage,Decreases target Technique by 20% for 3 turns,-,-,[0.3;0.8;1.0;3;2],json,base_skill,3,damage×2;stat_mod×1
lastresort,LastResort,Last Resort,-,enemy,1,"Deals 5x Power SkillType.Physical damage, and kills user.",-,-,-,-,[1.0],pool,base_skill,1,damage×1
lastrites,LastRites,Last Rites,-,root,2,Restore 25% Max MP per enemy removed,Restore 25% Max HP per enemy removed,-,-,-,[0.15;0.25;0.35;0.5;1.0;1.5],pool,,0,
laugh,Laugh,Laugh,-,defend,0,-,-,-,-,-,-,name-only,base_skill,0,
launchmedicaldrone,LaunchMedicalDrone,Launch Medical Drone,-,root,0,-,-,-,-,-,-,name-only,,0,
launchutilitydrone,LaunchUtilityDrone,Launch Utility Drone,-,root,0,-,-,-,-,-,-,name-only,,0,
launchvolatiledrone,LaunchVolatileDrone,Launch Volatile Drone,-,root,0,-,-,-,-,-,-,name-only,,0,
laygorgewormegg,LayGorgewormEgg,Lay Gorgeworm Egg,-,enemy,1,Spawns a gorgeworm egg.,-,-,-,-,[0.35],pool,base_skill,0,
layonhands,LayOnHands,Lay On Hands,-,root,3,Heals another ally for 100% of OWNER.NAME's maximum HP. One use.,Ally also regains 50% of OWNER.NAME's maximum MP,Ally gains a Free Turn,-,-,[0.2;0.25;0.4],pool,,2,heal×1;stat_gain×1
leadstorm,Leadstorm,Leadstorm,-,root,4,Use War until out of ammo. Tech is halved. Charges after using War or Peace.,Use War until out of ammo. Charges after War or Peace.,Deal 25% increased damage while active,Increases Tech by 5% for every shot fired,-,[0.05;0.25;0.5;1.0;3;2;4],pool,,1,damage×1
lightbeam,LightBeam,Light Beam,Light Beam,fight,3,Deals 1x Focus SkillType.Energy damage to target.,Decreases target Technique by 15% for 3 turns,Damage increased by 25%,-,-,[0.85;1.0;1.25;3;2],json,base_skill,3,damage×2;stat_mod×1
lightblade,LightBlade,Light Blade,-,inventions,1,Deals 160-220 piercing SkillType.Energy damage to target enemy. Cannot miss.,-,-,-,-,[1.5],pool,Invention,1,damage×1
lightning,Lightning,Lightning,-,fight,0,-,-,-,-,-,[0.01;0.15;0.5;0.8;1.2;1.5;2.0;2],name-only,base_skill,0,
lightningstrike,LightningStrike,Lightning Strike,Light Strk,enemy,1,Deals 1.2x Focus SkillType.Lightning damage to target.,-,-,-,-,[0.01;0.15;2.0],pool,base_skill,1,damage×1
loafoff,LoafOff,Loaf Off,-,fight,2,Restore 50% Max MP to self.,Dispel one random SkillType.Debuff,-,-,-,[0.15;0.5;1.35;2;3],pool,base_skill,0,
loan,Loan,Loan,Loan,root,3,"Grants ally a Free Turn, but ally gains Debt every turn for 3 turns.",Ally gains 100% increased Speed,Ally deals 20% increased damage,-,-,[0.05;0.2;0.4;0.5;2.0;2;3],json,,2,grant×1;damage×1
locustswarm,LocustSwarm,Locust Swarm,Locusts,fight,3,Deals 0.35x Focus SkillType.Physical and SkillType.MP damage to enemies.,Steals MP based on damage dealt,Always hits,-,-,[-0.05;0.75;2.0;3],json,base_skill,2,damage×2
logginghook,LoggingHook,Logging Hook,-,enemy,1,Pulls enemy into front row.,-,-,-,-,[3],pool,base_skill,0,
loudspeakers,LoudSpeakers,Loud Speakers,LoudSpkr,city,1,Decreases target Toughness or Discipline at random.,-,-,-,-,-,json,base_skill,0,
lovepotion,LovePotion,Love Potion,Love Pot,root,3,Redirect 50% of damage taken by self to target ally.,Redirect damage reduced by 50%,Redirects up to 100% based on missing HP,-,-,-,json,,2,damage×2
loverstrance,LoversTrance,Lover's Trance,Lvr's Trnc,enemy,3,Bonus Action. Target cannot directly target OWNER.NAME for 3 turns. Ignores resist.,Target counter attacks allies who target OWNER.NAME,Take 35% less damage from target,-,-,[0.2;0.25;0.4;0.5;0.65;1.0;2;3;7],json,base_skill,1,damage×1
lullaby,Lullaby,Lullaby,Lullaby,root,3,Damage taken by target does not decrease Sleep counter for 3 turns.,Damage taken gains 50% piercing if sleeping,Damage taken always critical if sleeping,-,-,[0.25;0.5;1.0;3.0;3.25;3.5;2;3],json,,4,damage×3;status×1
lunge,Lunge,Lunge,-,fight,0,-,-,-,-,-,[0.025;0.15;1.0;1.5],name-only,,0,
lute,Lute,Lute,-,defend,1,Access learned Song skills.,-,-,-,-,[2;7],pool,base_skill,0,
m16,M16,M16,-,fight,2,Deals 40-70 SkillType.Physical damage 3 times. Reload after 3 uses.,Last hit deals 50% more damage,-,-,-,[1.5;2],pool,Firearm,2,damage×2
madness,Madness,Madness,Madness,enemy,1,"All attributes increased by +15%, but hero has a 20% chance to lose control and attack a random target, including allies.",-,-,-,-,[0.5;1.0;2.0;10.0;12.0;48.0;7;2],json,base_skill,0,
magmabomb,MagmaBomb,Magma Bomb,-,enemy,1,Deals SkillType.Fire damage to all enemies.,-,-,-,-,[0.8],pool,base_skill,1,damage×1
malpractice,Malpractice,Malpractice,Malpractice,root,1,All allied healing reduced by 35% for this mission.,-,-,-,-,[-30.0;0.015;0.1;0.15;0.2;0.25;0.3;0.5;0.6;0.65;0.9;1.0;1.3;1.5;1.7;2.5;30.0;2],json,,0,
mark,Mark,Mark,-,fight,2,Damage taken increased by 30%.,Damage taken increased by 15%.,-,-,-,[0.15;0.3;0.35;1.0;3],pool,base_skill,2,damage×2
martialdb,MartialDB,Martial DB,Martial Database,root,1,"Use SkillType.Melee SkillType.Attack skills from other allies at level 1, except SkillType.Gadget.",-,-,-,-,[2;7],pool,,0,
maul,Maul,Maul,-,fight,0,-,-,-,-,-,-,name-only,,0,
meditate,Meditate,Meditate,Meditate,defend,3,Restores 15% of Max HP and MP and dispel 3 SkillType.Debuff effects. Two turn charge.,Increases damage and healing of next skill used by 25%,Your next skill counts as a Bonus Action,-,-,[0.25;0.75;1.0;1.5;30.0;7;2;3],json,HealSkill,1,damage×1
medkit,Medkit,Medkit,-,root,2,Heals an ally for 400-500. Three uses per battle.,35% chance to not consume a use,-,-,-,[0.4;0.6;0.8;1.4;35.0;3;2],pool,,1,heal×1
megalaser,MegaLaser,Mega Laser,MegaLaserCharge,enemy,0,-,-,-,-,-,[0.0014;0.85;1.5;1.6],name-only,base_skill,0,
megalasercharge,MegaLaserCharge,Mega Laser Charge,-,enemy,1,The Eradicator is charging its main laser.,-,-,-,-,-,pool,base_skill,0,
melody,Melody,Melody,Melody,root,3,Song. Increases Focus and Discipline by 20% of OWNER.NAME's Technique for all allies.,Doubles MP regeneration for allies,Allies take 50% less SkillType.MP damage,-,-,[0.25;0.5;1.0;1.25;2.2;2;3],json,,1,damage×1
meltarmor,MeltArmor,Melt Armor,Melt Armr,root,3,Deals 0.45x Focus SkillType.Fire damage to target enemy. Damage increased based on target's Toughness. Lasts 3 turns.,Target takes same SkillType.Fire damage when hit by SkillType.Physical damage,Refreshes duration and stacks up to 3 times,-,-,[0.35;0.5;1.0;3.0;2;3;4],json,,2,damage×2
menagerie,Menagerie,Menagerie,-,defend,2,Summon Beasts from Ghalib's menagerie.,Increase Menagerie Beast attributes by 15% of Ghalib's Discipline,-,-,-,[2;3;7],pool,base_skill,1,summon×1
mend,Mend,Mend,-,root,3,Heals an ally for 50% of their missing HP.,Also restores 50% of missing MP,Dispel all SkillType.Debuff on target,-,-,[0.1;0.2;0.25;0.35;0.4;0.5;0.6;0.9;1.35;1.6;3;2],manual,,1,heal×1
metabolism,Metabolism,Metabolism,Metabolism,tbreak,1,All allies gain 15% Max HP regeneration and immunity to SkillType.Sleep damage for 3 turns.,-,-,-,-,[0.15;0.25;1.35],json,BreakSkill,2,damage×1;status×1
metamorphosis,Metamorphosis,Metamorphosis,-,enemy,1,Summons a Gorgeworm in the maggot's place.,-,-,-,-,[0.04;0.1;0.5;0.65;0.98;1.03],pool,base_skill,1,summon×1
meteorstrike,MeteorStrike,Meteor Strike,Meteor Stk,enemy,1,Deals 1.5x Focus SkillType.Physical and 1.25x Focus SkillType.Fire damage to all enemies. Long turn delay.,-,-,-,-,[0.01;2.0],pool,AddedDamageSkill,1,damage×1
mimicry,Mimicry,Mimicry,-,root,3,Copies the last copyable skill used by each ally. Cannot copy Bonus Actions or passive skills.,Copies the last copyable skill used by each ally.,Copied skills have 35% reduced turn delay,-,-,[0.65;1.0;2;7],pool,,0,
mindshade,MindShade,Mind Shade,-,enemy,1,Deals 2.5x Focus SkillType.Dark damage to invaded enemy and heals VoidShade for .5x damage dealt.,-,-,-,-,[0.03;0.05;0.1;0.2;0.3;0.5;0.6;0.7;0.75;0.9;1.0],pool,base_skill,2,damage×1;heal×1
minilaser,MiniLaser,Mini Laser,-,fight,2,Deals 80-100 piercing SkillType.Energy damage to target.,Gain 10% Turn Progress when used as a counter attack,-,-,-,[10.0;2;3],pool,base_skill,1,damage×1
mirage,Mirage,Mirage,Mirage,root,3,Target ally cannot be directly targeted by enemies for 3 turns.,Target takes 50% decreased damage,Hits have 35% chance to miss,-,-,[0.15;0.25;0.35;0.5;0.8;1.0;35.0;2;3],json,,1,damage×1
mirrorimage,MirrorImage,Mirror Image,-,root,4,Bonus Action. Summon clone that copies your next 3 skills at 65% damage.,Bonus Action. Clone that copies your next 3 skills.,MP cost decreased by 35%,Clone deals full damage,-,[0.25;0.65;1.0;3;5],pool,,3,damage×2;summon×1
missilebarrage,MissileBarrage,Missile Barrage,-,enemy,1,Deals 0.6x Power SkillType.Physical damage to random enemy targets 8-12 times.,-,-,-,-,-,pool,base_skill,1,damage×1
missilepod,MissilePod,Missile Pod,-,fight,1,Deals 0.35x Power SkillType.Physical damage to random enemy targets 8-12 times. Long turn delay.,-,-,-,-,-,pool,base_skill,1,damage×1
mitosis,Mitosis,Mitosis,-,enemy,1,"Summon a Flesh Blob in an adjacent space, if possible.",-,-,-,-,[0.4;0.8;1.0;1.2],pool,base_skill,1,summon×1
mix,Mix,Mix,-,defend,1,Bonus Action. Create one temporary healing Item for use.,-,-,-,-,[0.4;1.0],pool,base_skill,0,
molotov,Molotov,Molotov,Molotov,root,3,Deals 100-150 SkillType.Fire damage and half as much each turn for 3 turns. Always hits. Two uses per battle.,Damage over time deals full damage,Hits all enemies,-,-,[0.5;0.85;3;2],json,,2,damage×2
molotovexplosion,MolotovExplosion,Molotov Explosion,-,root,0,-,-,-,-,-,-,name-only,,0,
monkeybanana,MonkeyBanana,Monkey Banana,-,defend,1,Heal target for 10% Max HP and MP.,-,-,-,-,[0.5],pool,HealSkill,1,heal×1
monkeymischief,MonkeyMischief,Monkey Mischief,-,root,1,Non-boss target's next turn is interrupted.,-,-,-,-,[0.25;0.4;0.8;1.0;1.25;1.5],pool,,0,
monkeyscratch,MonkeyScratch,Monkey Scratch,-,fight,1,Deals 0.5x Power SkillType.Physical damage twice. Dispels one SkillType.Buff.,-,-,-,-,[0.4],pool,base_skill,1,damage×1
moonbeam,Moonbeam,Moonbeam,-,root,0,-,-,-,-,-,[1.25;2],name-only,,0,
mosh,Mosh,Mosh,-,root,0,-,-,-,-,-,-,name-only,,0,
motiontracker,MotionTracker,Motion Tracker,Motion Trk,fight,3,Bonus Action. Increases target's damage taken by 15%. Limit of one.,Target's Agility decreased by 35%,Target's damage taken increased by additional 15%,-,-,-,json,,2,damage×2
mourn,Mourn,Mourn,-,defend,3,Restore 15% of your health for each Downed ally.,Dispel one SkillType.Debuff for each Downed ally,Turn delay decreased by 15% for each Downed ally,-,-,[0.75;0.85;1.0;1.5;3;2],pool,HealSkill,0,
mugennoken,MugenNoKen,Mugennoken,-,enemy,1,Deals 0.66x Power SkillType.Physical damage to random enemies 12 times.,-,-,-,-,[0.25;0.4;0.5],pool,base_skill,1,damage×1
munch,Munch,Munch,-,enemy,0,-,-,-,-,-,[0.2;0.33;0.4;0.5;0.6;0.8;1.0;1.2;1.4;1.6;2.0],name-only,HealSkill,0,
munchally,MunchAlly,Munch Ally,Munch,enemy,0,-,-,-,-,-,-,name-only,HealSkill,0,
musket,Musket,Musket,-,root,0,-,-,-,-,-,[0.14;0.5;0.6;2.0;12.0],name-only,,0,
naturemagic,NatureMagic,Nature Magic,NatureMag,root,1,Access Nature Magic skills. Each use grants Nature stack.,-,-,-,-,[2;7],pool,,1,grant×1
needlebarrage,NeedleBarrage,Needle Barrage,-,root,2,Deals 1x Toughness SkillType.Physical damage to all enemies. Four turn charge. Cannot miss.,Deals 1x Toughness SkillType.Physical damage to all enemies.,-,-,-,[0.4;0.5;0.7;1.0;1.2;1.6;2.0;3;2],pool,,2,damage×2
needlevolley,NeedleVolley,Needle Volley,-,root,3,Deals 0.45x Toughness SkillType.Physical damage 2 times to target.,Deals 0.45x Toughness SkillType.Physical damage 2 times to target,Gains 100% piercing,-,-,[0.05;0.3;3],pool,,2,damage×2
newteye,NewtEye,Newt Eye,-,root,1,Deals 50-75 SkillType.Fire damage to target enemy.,-,-,-,-,-,pool,,1,damage×1
nightmare,Nightmare,Nightmare,Nightmare,enemy,1,Deals 3x Focus SkillType.Dark damage to a sleeping enemy and reduces their discipline by 25%. Cannot miss.,-,-,-,-,[0.2;0.25;0.4;0.5;0.6;0.75;0.8;1.5;2.0;2.25],json,base_skill,1,damage×1
ninjatools,NinjaTools,Ninja Tools,-,root,1,Access Ninja Tools.,-,-,-,-,[0.5;2;7],pool,,0,
nirvana,Nirvana,Nirvana,Nirvana,defend,3,Target ally is healed for 3x Focus HP after 3 turns. Stackable 5 times.,Target is healed for 0.25x Focus per turn,"If target takes fatal damage, remove stack and survive with 1 HP",-,-,[0.05;0.2;0.35;0.5;0.6;1.0;1.6;2.1;3],json,base_skill,1,damage×1
nourish,Nourish,Nourish,Nourish,enemy,1,"Heals target for 1x FCS HP, clears 3 debuffs, and increases target SPD/POW by +25.",-,-,-,-,[25.0],json,HealSkill,1,heal×1
oathofjustice,OathOfJustice,Oath of Justice,-,root,4,Gain access to Justice skills and Holy Wrath charges faster. Limit one Oath.,Gain access to Justice skills.,Increases SkillType.Holy damage by 35%,Decreases turn delay of Holy Wrath by 25%,-,[0.35;0.65;1.0;2;7;3],pool,,1,damage×1
oathofprotection,OathOfProtection,Oath of Protection,-,root,4,Gain access to Protection skills and Divine Shield now charges over time. Limit one Oath.,Gain access to Protection skills.,Divine Shield lasts an extra turn on self,Taunt enemies when gaining Divine Shield,-,[1.0;2;7;3;4],pool,,4,status×4
oathofrestoration,OathOfRestoration,Oath of Restoration,-,root,4,Gain access to Restoration skills and Lay On Hands now charges over time. Limit one Oath.,Gain access to Restoration skills.,Increases healing by up to 50% based on missing HP,Overheal heals all allies for 15% of amount,-,[0.5;1.0;2;7],pool,,1,heal×1
observe,Observe,Observe,-,enemy,3,Stance. Automatically counter Lawbreakers after their turn.,Take 50% reduced damage from Lawbreakers,Revolver gains ammo when Lawbreakers act,-,-,[0.2;0.25;3],pool,base_skill,1,damage×1
ooze,Ooze,Ooze,Ooze,enemy,3,"Deals SkillType.Poison damage to enemies in an area, and causes SkillType.Poison damage over time.","Deals SkillType.Poison damage to enemies in an area, and causes SkillType.Poison damage over time.","Deals SkillType.Poison damage to enemies in an area, and causes SkillType.Poison damage over time.",-,-,[0.8],json,,6,damage×3;status×3
orderimp,OrderImp,Order Imp,-,fight,2,Command a bound Imp to use one of their skills.,Imps gain an additional skill,-,-,-,[2;3],pool,base_skill,0,
overclock,Overclock,Overclock,Overclock,defend,3,Restores 20% Max MP and increases Speed by 100% for 2 turns. 3 turn charge.,Increases damage and healing of next skill used by 25%,OWNER.NAME's next skill counts as a Bonus Action,-,-,[0.25;0.5;1.0;2;3],json,base_skill,2,stat_mod×1;damage×1
overpower,Overpower,Overpower,-,root,1,Deals 2x Power SkillType.Physical damage and steals turn progress. Requires Rage.,-,-,-,-,[0.01;0.15;0.25;0.5;2;3],pool,,2,damage×1;status×1
overwatch,Overwatch,Overwatch,-,root,3,Stance. Automatically counter with Peace when an ally is targeted by an enemy skill.,Stance. Counter with Peace when an ally is targeted by an enemy skill.,Counter has 35% chance to interrupt non-boss enemy's skill,-,-,[0.25;1.0;35.0;2;3],pool,,0,
owlspirit,OwlSpirit,Owl Spirit,-,root,2,Summon an Owl Spirit that uses Screech on enemies.,Allies restore 15% Max MP every turn,-,-,-,[0.25;2;7;3],pool,,1,summon×1
painkillers,Painkillers,Painkillers,Painkillers,root,3,Decreases taken damage by 50% for an ally. Three uses.,Cannot be removed,50% chance to prevent being downed,-,-,[0.25;0.5;1.0],json,,1,damage×1
painlash,PainLash,Pain Lash,-,enemy,1,"Deals 0.5x Power SkillType.Physical damage 3 times, and inflicts pain status.",-,-,-,-,[0.2;0.33;1.0],pool,base_skill,1,damage×1
pander,Pander,Pander,Pander,root,3,Heals self for 35% of Max HP.,50% chance to Taunt enemy front row,Doubles next Finisher damage,-,-,[0.05;0.7;1.0;1.8],json,,3,heal×1;status×1;damage×1
paralyze,Paralyze,Paralyze,-,drone,1,Resets a target's turn progress.,-,-,-,-,[0.2;0.4;0.6;1.1],pool,base_skill,0,
parasiticbond,ParasiticBond,Parasitic Bond,Prstc Bond,enemy,1,"Transfers 75% of taken damage to target as piercing Dark damage, steals 90% of healing received, and steals free turns earned.",-,-,-,-,[0.05;0.07;0.3;0.5;0.6;0.7;0.8;1.0],json,base_skill,1,damage×1
patenteduse,PatentedUse,Patented Use,PatentUse,root,1,Hit adjacent allies with a Potion item. Two turn charge.,-,-,-,-,[2;7;3],pool,,0,
peace,Peace,Peace,-,defend,2,Deals 135-185 SkillType.Physical damage. Cannot be countered. Reload after 6 uses.,50% increased hit chance,-,-,-,[1.5;2],pool,Firearm,1,damage×1
penance,Penance,Penance,-,defend,3,Heals all allies for 0.1x Focus for each Sin. Removes all Sin.,Dispel 1 SkillType.Debuff from self for each Sin,Gain 1 Resist for each Sin,-,-,[0.15;1.0;1.5;1.9;2.0;20.0],pool,base_skill,1,heal×1
personalshield,PersonalShield,Personal Shield,-,defend,4,Bonus Action. 70% of taken damage is converted to SkillType.MP damage. Toggleable.,Doubles MP regeneration per turn,50% of SkillType.Healing received is converted to MP healing until MP is full,Bonus Action. Deactivate Personal Shield buff.,-,[0.5;2;5],pool,BreakSkill,2,damage×1;status×1
pestilence,Pestilence,Pestilence,Pestilence,root,3,Deals 0.35x Focus SkillType.Poison and SkillType.Dark damage over time. Uses all Bat's Fur and Toad Cap.,Lasts 1 extra turn for each Bat's Fur,Decreases target attributes by 5% for each Toad Cap,-,-,[0.5;1.0;1.5;3;2;4],json,,2,damage×1;status×1
phantomcut,PhantomCut,Phantom Cut,-,root,3,"Deals 0.45x Power SkillType.Physical damage until out of MP, up to 25 times. Requires and expends Mirror Image.",Deals 0.45x Power SkillType.Physical damage until out of MP. Requires Mirror Image.,Each hit has 20% chance to be free,-,-,[0.1;0.25;0.3;0.4;0.5;0.65;0.75;1.0;1.25;50.0],pool,,2,damage×2
piegun,Piegun,Pie Gun,-,root,3,Deals 400-500 SkillType.Stun damage to random enemies 4 times. One use. Four turn charge. Cannot miss.,Deals 400-500 SkillType.Stun damage to random enemies 4 times.,100% faster charge rate,-,-,[0.2;0.25;1.0;2.0;2;3],pool,,4,damage×2;status×2
piercing,Piercing,Piercing,-,root,1,Next SkillType.Spell this turn gains 50% more piercing.,-,-,-,-,[0.35;0.5;0.7;1.0;1.4;8.0],pool,,0,
piercinglaser,PiercingLaser,Piercing Laser,-,enemy,0,-,-,-,-,-,-,name-only,,0,
piercingpunch,PiercingPunch,Piercing Punch,-,enemy,0,-,-,-,-,-,[0.05;0.07;0.2;0.25;0.3;0.5;0.6;0.7;0.95;1.0;1.2;1.6;1.85;30.0;2;7],name-only,base_skill,0,
pincushion,Pincushion,Pincushion,-,root,3,Deals 0.45x Tech SkillType.Physical damage to target enemy 6 times. Requires Eagle Eye. Increased turn delay.,Deals 0.45x Tech SkillType.Physical damage to target enemy 6 times. Requires Eagle Eye.,Each hit deals 10% more damage,-,-,-,pool,,3,damage×3
pirouette,Pirouette,Pirouette,-,root,0,-,-,-,-,-,[0.25;0.4],name-only,,0,
pistol,Pistol,Service Pistol,-,fight,4,Deals 135-170 SkillType.Physical damage to target. Reload after 9 uses.,Deals 135-170 SkillType.Physical damage. Reload after 9 uses.,Damage always critical when 3 or fewer shots remain,Deals 50% increased damage to critical HP enemies,-,[1.5;2;3],pool,Firearm,4,damage×4
pixiedust,PixieDust,Pixie Dust,Pixie Dst,fight,3,Bonus Action. Heals adjacent allies for 0.5x Focus HP.,Also restores 0.15x Focus MP,Dispels a random SkillType.Debuff and removes SkillType.Sleep and SkillType.Stun damage,-,-,-,pool,HealSkill,4,status×2;heal×1;damage×1
plagueburst,PlagueBurst,Plague Burst,-,enemy,1,"Deals 1x Power SkillType.Physical and 1x Focus SkillType.Poison damage to enemies, spreading Plague to each target hit.",-,-,-,-,[0.125;0.35;0.475;0.625;1.375;1.525],pool,base_skill,2,damage×1;status×1
plaguepunch,PlaguePunch,Plague Punch,-,enemy,1,"Deals 0.5x Power SkillType.Physical damage and 0.5x Focus SkillType.Poison damage, and applies 2 stacks of Plague. Swaps to front row.",-,-,-,-,[0.5;2;7],pool,base_skill,3,damage×2;status×1
plunder,Plunder,Plunder,-,root,4,Deals 3x Power SkillType.Physical damage and steals turn progress. Uses all Adaptable stacks.,Deals 3x Power SkillType.Physical damage and steals turn progress.,Steals all dispellable SkillType.Buff if possible,Heals for 50% of damage dealt,-,[0.25;0.33;0.41;0.49;0.5;3;2;5],pool,,4,damage×3;heal×1
pneumatics,Pneumatics,Pneumatics,-,defend,1,Adds Speed equal to 50% of current MP while in Steam Mech.,-,-,-,-,[0.5;1.25],pool,base_skill,0,
poisonclaws,PoisonClaws,Poison Claws,-,enemy,1,"Deals 0.75x Power SkillType.Poison damage, and damage over time. Hits 2 times.",-,-,-,-,[0.1;0.4;0.5;0.9;1.0;1.5],pool,base_skill,2,damage×1;status×1
poisonsting,PoisonSting,Poison Sting,Poison Sting,enemy,3,Deals SkillType.Poison damage over time.,Deals SkillType.Poison damage over time.,Deals SkillType.Poison damage over time.,-,-,[0.01;0.15;0.5;0.9;1.0;1.5],json,base_skill,6,damage×3;status×3
polishing,Polishing,Polishing,-,defend,1,Only lose 125 MP per turn while in Steam Mech.,-,-,-,-,[1.25],pool,base_skill,0,
posse,Posse,Posse,-,root,2,Allies attack target enemy Lawbreaker. Charges from Lawbreakers dealing damage.,Gains charge twice as fast,-,-,-,[1.0;35.0;2;7;3],pool,,1,damage×1
possession,Possession,Possession,Possession,root,3,Share 50% of all attributes with target non-undead ally for three turns. Kiara cannot take damage while active. Five turn charge.,Ally deals bonus 35% SkillType.Sonic damage with hits,Grants Free Turn to ally,-,-,[0.15;0.35;1.0;2.0;2],json,,3,damage×2;grant×1
potl,PotL,Pot L,-,defend,1,Temporary. Heals ally for 75% of Max HP.,-,-,-,-,[0.75],pool,,1,heal×1
potm,PotM,Pot M,-,defend,1,Temporary. Heals ally for 50% of Max HP.,-,-,-,-,[0.5],pool,,1,heal×1
pots,PotS,Pot S,-,defend,1,Temporary. Heals ally for 25% of Max HP.,-,-,-,-,[0.25],pool,,1,heal×1
potx,PotX,Pot X,-,defend,1,Temporary. Heals ally for 100% of Max HP.,-,-,-,-,-,pool,,1,heal×1
pounce,Pounce,Pounce,Pounce,root,3,Prevent a non-boss enemy from acting and Rake them for 3 turns. Cannot be targeted while active. Requires Stalk. 3 turn charge.,Dispel a SkillType.Buff on target for each hit while active,Increases damage by 25% while active,-,-,[-0.5;0.25;0.5;0.75;1.0;3;2],json,,1,damage×1
powerballad,PowerBallad,Power Ballad,P. Ballad,root,3,Song. Increases Power and Toughness by 20% of OWNER.NAME's TEC for all allies.,Allies gain 1 Resist after their turn,Decreases damage taken by 15%,-,-,-,json,,1,damage×1
powerchord,PowerChord,Power Chord,PowChord,root,1,Deals 1.2x Tech SkillType.Sonic damage.,-,-,-,-,[0.015;0.1;0.15;0.5;0.65;1.5;16.0;26.0],json,,1,damage×1
powerfist,Powerfist,Powerfist,-,fight,2,Deals 1x Power SkillType.Physical damage. Shift to front row.,Deals 25% more damage in front row.,-,-,-,[0.025;0.05;0.15;0.25;0.6;0.95;1.0;1.25;1.6;1.85;2;7;3],pool,base_skill,2,damage×2
pr3dmissile,PR3DMissile,PR3D-Missile,-,root,3,Deals 450-500 SkillType.Physical damage to an enemy. Charges in 4 turns.,Charges in 3 turns.,Charges in 2 turns.,-,-,[0.25;0.65;2.0;2.25;3.0;4.0;3;2],pool,,1,damage×1
prank,Prank,Prank,-,root,3,Target's next turn is interrupted. Once per enemy.,Decreases target Technique by 20%,Gain 25% turn progress when target is interrupted,-,-,[0.25;0.4;0.8;1.0;1.2;1.25;1.5;25.0;2;3],pool,,1,stat_mod×1
pray,Pray,Pray,-,fight,1,Heals all party members for 0.15x Focus.,-,-,-,-,[0.05;0.2;0.35;0.6;1.0;2;3],pool,HealSkill,1,heal×1
prepare,Prepare,Prepare,-,defend,3,Gain a Free Turn at the end of next turn.,Gain 25% increased Technique until Free Turn,Gain 50% increased Critical Damage until Free Turn,-,-,-,pool,base_skill,1,damage×1
preparefood,PrepareFood,Prepare Food,Prep Food,root,3,Channeled. Spend turn preparing a meal for Serve Meal. Stack up to 10 meals.,Decreases damage taken by 35% while active,Counter with Throw Knife after being hit,-,-,[0.65;1.0;26.0;50.0;2;8;3],json,,1,damage×1
prescribe,Prescribe,Prescribe,Prescribe,defend,3,Access Prescription skills. Limit 1 per ally.,Prescription skills heal target for 10% HP every turn,Adds 50% of healing to Insurance,-,-,[0.1;2;7],json,base_skill,1,heal×1
prevent,Prevent,Prevent,-,tbreak,1,"Removes all dispellable SkillType.Debuff effects from allies, and adds 3 Resist to each ally.",-,-,-,-,[0.25;1.35],pool,BreakSkill,0,
preventenemy,PreventEnemy,Prevent Enemy,-,tbreak,0,-,-,-,-,-,[2],name-only,BreakSkill,0,
protect,Protect,Protect,-,defend,3,Bonus Action. Redirect 35% of damage taken by ally from hits to yourself.,Ally takes 25% decreased damage,Redirects 50% of damage,-,-,[0.5;0.75;2;3],pool,base_skill,3,damage×3
psiwave,PsiWave,Psi Wave,-,enemy,1,Deals 1x Focus SkillType.Dark damage to all enemies.,-,-,-,-,[0.5;1.0;2.0;2.5],pool,base_skill,1,damage×1
pullrope,PullRope,Pull Rope,-,root,2,Deals 100 SkillType.Stun damage and pulls target enemy into front row.,Damage gains 100% piercing,-,-,-,[-12.0;0.15;0.25;12.0],pool,,3,damage×2;status×1
pulsegrenade,PulseGrenade,Pulse Grenade,-,root,1,Deals 150-200 SkillType.Energy and SkillType.Stun damage to target enemies. One use.,-,-,-,-,[3;2],pool,,2,damage×1;status×1
pulsemissile,PulseMissile,Pulse Missile,-,enemy,1,Deals 500-600 piercing SkillType.Energy damage to an enemy. Cannot miss.,-,-,-,-,[0.25;0.65;2.25],pool,base_skill,1,damage×1
pulserifle,PulseRifle,Pulse Rifle,Pulse Rfl,fight,2,Deals 30-50 SkillType.Energy damage 3 times. Reload after 3 uses.,Increased to 4 hits,-,-,-,[2],pool,Firearm,1,damage×1
pulverize,Pulverize,Pulverize,-,enemy,1,Destroys a downed enemy.,-,-,-,-,[0.015;0.025;0.035;0.1;0.15;0.2;0.25;0.5;0.6;0.7;0.8;1.0],pool,base_skill,0,
pummel,Pummel,Pummel,-,root,4,Deals 0.45x Power SkillType.Physical damage to target enemy 3-5 times. Long turn delay.,Deals 0.45x Power SkillType.Physical damage to target enemy 3-5 times.,Consecutive hits deal SkillType.Stun damage,Number of hits increased to 5-10,-,[0.25],pool,,4,damage×3;status×1
pupate,Pupate,Pupate,Pupate,enemy,1,"Decrease incoming damage by 95% until next turn, and then transform into adult form.",-,-,-,-,[0.05;0.25;0.45;0.5;0.95;1.0;2.5;4.0],json,base_skill,1,damage×1
purge,Purge,Purge,-,enemy,1,Deals 1.25x Focus piercing SkillType.Lightning damage to target affected by Isolate.,-,-,-,-,[0.01;0.15;2.0],pool,base_skill,1,damage×1
queensbite,QueensBite,Queen's Bite,Queen's Bite,enemy,1,"Deals SkillType.Poison damage to all enemies, and SkillType.Poison damage over time. Increases SkillType.Poison damage taken.",-,-,-,-,[0.2;0.25;1.5],json,AddedDamageSkill,2,damage×1;status×1
quickshot,QuickShot,Quick Shot,-,fight,1,Deals 0.75x Tech SkillType.Physical damage to target enemy. Short turn delay.,-,-,-,-,[1.5;3;2],pool,base_skill,1,damage×1
radioactivesludge,RadioactiveSludge,Radioactive Sludge,Sludge,map,1,Causes SkillType.Poison damage after every turn.,-,-,-,-,[0.05],json,base_skill,2,damage×1;status×1
railcannon,RailCannon,Rail Cannon,-,fight,1,Deals 2.0x Power piercing SkillType.Physical damage to target. Cannot miss.,-,-,-,-,[0.25;0.35;0.4;0.5;1.4;1.402;2.25;2.75],pool,base_skill,1,damage×1
raisedead,RaiseDead,Raise Dead,-,enemy,1,Revives all Undead allies with full HP.,-,-,-,-,[0.25;0.4;0.5;3],pool,HealSkill,0,
rake,Rake,Rake,-,fight,2,Deals 0.45x Power SkillType.Physical damage. Hits 3 times.,50% increased critical hit chance,-,-,-,[0.2;0.4;0.6;1.4;1.5;2],pool,base_skill,1,damage×1
ravenous,Ravenous,Ravenous,-,enemy,1,"Increases Power, Endurance, and Speed for an ally husk, and grants life steal on SkillType.Melee damage.",-,-,-,-,[0.15;0.25;0.5;0.75;1.0;3.0;5],pool,base_skill,2,damage×1;grant×1
reagents,Reagents,Reagents,-,root,1,Reagents used to cast spells. Gain 1 random reagent per turn.,-,-,-,-,[2;7;3],pool,,0,
reap,Reap,Reap,-,root,2,Deals 1x Focus SkillType.Dark damage to targets.,Up to 100% more damage based on target's missing HP,-,-,-,[0.16;0.25;0.3;0.4;0.5;0.6;1.0;1.2;1.45;2],pool,,2,damage×2
reboot,Reboot,Reboot,-,enemy,1,Remove debuffs and revive one dead AI node.,-,-,-,-,[0.1;0.25;1.0],pool,base_skill,0,
recallbear,RecallBear,Recall Bear,-,defend,0,-,-,-,-,-,-,name-only,,0,
recallfalcon,RecallFalcon,Recall Falcon,-,defend,0,-,-,-,-,-,-,name-only,,0,
recallmenagerie,RecallMenagerie,Recall Menagerie,-,defend,1,"Recall this beast, so it can be summoned again.",-,-,-,-,-,pool,base_skill,0,
recallmonkey,RecallMonkey,Recall Monkey,-,defend,0,-,-,-,-,-,-,name-only,,0,
recklessattack,RecklessAttack,Reckless Attack,Reckless Atk,fight,3,"Deals 1.5x Power SkillType.Physical damage, but increases damage taken by 35%. Damage debuff stacks.",Turn delay reduced by 25%,Always deals critical damage,-,-,[0.35;2;3],json,base_skill,2,damage×2
reclaimmem,ReclaimMem,Reclaim Mem,-,defend,1,Restores 15% of Max MP.,-,-,-,-,[0.15],pool,HealSkill,0,
reflectorshield,ReflectorShield,Reflector Shield,ReflectShld,root,1,Uses MP to reflect SkillType.Ranged damage at enemies. Can be Toggled.,-,-,-,-,[-20.0;0.5;0.6;20.0;2],pool,,1,damage×1
refresh,Refresh,Refresh,-,root,4,Bonus Action. Restores strength of Rune effects. Three turn charge.,Bonus Action. Restores strength of Rune effects.,Restores 1x Focus MP for each Rune,Heals 1x Focus for each Rune,-,[0.01;0.075;0.175;0.25;0.5;0.85;1.0],pool,,1,heal×1
regenerate,Regenerate,Regenerate,Regen,root,3,Restores 33% Max HP on self.,Restores 50% Max MP,Dispels up to 3 SkillType.Debuff,-,-,[0.33;2],pool,,0,
regrowth,Regrowth,Regrowth,Regrowth,root,3,"Heals an ally for 0.75x Focus, then 0.3x Focus per turn for 3 turns.",Increases target Endurance by 35%,Heals up to 50% more based on target's missing HP,-,-,[0.2;0.25;0.35;0.4;0.5;0.8;1.0;1.35;3],json,,3,heal×2;stat_mod×1
rekindle,Rekindle,Rekindle,Rekindle,root,3,SkillType.Attack skills gain SkillType.Fire damage up to 1x current MP. Sets MP to maximum. Three turn charge. Ends if MP reaches zero.,Increases Speed by MP while active,Always hit with SkillType.Attack skills while active,-,-,[-1.0;0.5;0.9;1.0;3;2],json,,1,damage×1
rend,Rend,Rend,Rend,fight,1,Deals SkillType.Physical damage over time to an entire row.,-,-,-,-,[3],json,base_skill,1,damage×1
renewal,Renewal,Renewal,Renewal,root,3,Heals target for 0.5x Focus every turn for 3 turns.,Healing increased by 25% every turn,Transfers to another ally and renews duration on end,-,-,[0.1;0.2;0.25;0.3;0.5;0.6;0.75;0.8;0.9;0.95;1.0;1.5;1.6;2;3;4],json,,1,heal×1
repair,Repair,Repair,-,enemy,1,Heals a mechanical ally for a 3x Focus.,-,-,-,-,-,pool,HealSkill,1,heal×1
repel,Repel,Repel,-,enemy,1,Deals 0.75x Focus SkillType.Lightning damage to the front row and shifts them back.,-,-,-,-,[2;7],pool,base_skill,1,damage×1
reprogram,Reprogram,Reprogram,Reprogram,root,3,One SkillType.Debuff on target ally is converted to a random SkillType.Buff instead.,Convert one additional SkillType.Debuff for each stack of RAM,Target is healed for 0.25x Focus for each SkillType.Debuff converted,-,-,[0.1;0.2;0.8;15.0],json,,0,
rest,Rest,Rest,-,enemy,1,"Restores 30% Max HP and MP, and remove 3 SkillType.Debuff.",-,-,-,-,[0.1;0.3;0.75;1.0;1.5;30.0],pool,HealSkill,0,
restrainingorder,RestrainingOrder,Restraining Order,Restr Order,root,3,Target enemy cannot directly target Rupert for 2 turns.,Decreases target's speed by 35%,50% of direct damage dealt by this enemy is redirected back to them,-,-,[0.5;0.65;2;3;5],json,,2,stat_mod×1;damage×1
retch,Retch,Retch,Retch,enemy,1,"Deals 1.0x Focus SkillType.Poison damage to targets, and 0.5x Focus SkillType.Poison damage over time for 3 turns. Increases target's SkillType.Poison damage taken by 25%.",-,-,-,-,[0.25;2.0],json,,3,damage×2;status×1
rete,Rete,Rete,Rete,root,3,Deals 150-200 SkillType.Stun damage for 3 turns. One use.,35% chance for non-boss target's turn to be interrupted,Target cannot dodge,-,-,[0.2;0.5;35.0;3;2],json,,2,damage×1;status×1
retreat,Retreat,Retreat,-,defend,3,Heals for 20% Max HP. Shift to back row.,Restores 50% of missing MP,Also heals adjacent allies,-,-,[0.2;0.45;0.5;0.75;2],pool,base_skill,2,heal×2
revitalizer,Revitalizer,Revitalizer,-,inventions,1,Heals an ally for 200-300 and 100-150 per turn for 3 turns.,-,-,-,-,[0.2;0.25;0.35;0.4;0.5;0.75],pool,HealSkill,1,heal×1
revivebeam,ReviveBeam,Revive Beam,-,drone,1,Revives a Downed ally with 20% Max HP. One use per battle.,-,-,-,-,[0.2;0.3;0.4;0.5;0.6;0.8;1.0;1.2;1.4;3;2],pool,HealSkill,0,
revolver,Revolver,Revolver,-,fight,3,Deals 145-195 SkillType.Physical damage. Cannot be countered. Reload after 6 uses.,Deals 145-195 SkillType.Physical damage. Reload after 6 uses.,Deals critical damage against Lawbreakers,-,-,[2;3],pool,Firearm,3,damage×3
rewind,Rewind,Rewind,-,tbreak,1,"Restore 50% of target ally's missing HP and MP, reviving them if Downed.",-,-,-,-,[0.5],pool,BreakSkill,0,
riff,Riff,Riff,-,root,1,Deals 1x Tech SkillType.Sonic damage to enemies in an area.,-,-,-,-,[0.12;0.24;0.25;0.5;1.0;1.5;2.0;26.0],pool,,1,damage×1
rip,Rip,Rip,-,fight,0,-,-,-,-,-,-,name-only,,0,
risingflame,RisingFlame,Rising Flame,-,fight,0,-,-,-,-,-,[0.4;0.75;0.95;1.05;1.15;1.25;1.35;2.4;2;3],name-only,base_skill,0,
ritual,Ritual,Ritual,-,enemy,3,Deals 1x Focus SkillType.Dark damage and heals all allies based on damage dealt.,Heals twice as much,Heals three times as much,-,-,[-1.2;0.05;0.07;0.2;0.25;0.3;0.4;0.5;0.6;0.7;1.2;2.0;2.25;3.1416;30.0],pool,base_skill,4,heal×3;damage×1
rocketburst,RocketBurst,Rocket Burst,-,enemy,1,Deals 0.8x Power SkillType.Physical damage 3 times in an area.,-,-,-,-,-,pool,base_skill,1,damage×1
rolldice,RollDice,Roll Dice,-,defend,0,-,-,-,-,-,[0.01;0.15;0.25;0.4;0.5;0.75;1.0;1.125;1.25;2.25;3.0;4.0;2],name-only,base_skill,0,
rotary,Rotary,Rotary,-,defend,1,Boltgun hits enemies in an area while in Steam Mech.,-,-,-,-,[1.25],pool,base_skill,0,
rum,Rum,Rum,Rum,root,3,"Bonus Action. Increases Toughness and Agility by 15%, but hero has a 35% chance to lose control. Stackable 5 times.",Increases dodge chance by 15%,Increases critical hit damage by 15%,-,-,[0.1;0.15;1.0;1.15;2;3],json,,1,damage×1
runeenergy,RuneEnergy,Rune Energy,-,root,2,Deals 1.5x Focus SkillType.Energy damage to enemy when triggered.,Deals SkillType.Energy damage,-,-,-,-,pool,,2,damage×2
runeheal,RuneHeal,Rune Heal,-,root,1,Heals self for 1.5x Focus when triggered.,-,-,-,-,-,pool,,1,heal×1
runeshape,RuneShape,Rune Shape,Runecarving,root,1,Shapes rune that casts spell.,-,-,-,-,[0.1;0.35;0.9;1.0;1.15;3;2],pool,,0,
runesonic,RuneSonic,Rune Sonic,-,root,2,Deals 1.5x Focus SkillType.Sonic damage to enemy when triggered.,Deals SkillType.Sonic damage,-,-,-,-,pool,,2,damage×2
runespell,RuneSpell,Rune Spell,-,root,1,Spell casted by rune.,-,-,-,-,[0.35;0.5;0.75;0.8;2;3],pool,,0,
runestrike,RuneStrike,Rune Strike,RuneStrke,fight,2,Deals 0.8x Power SkillType.Physical damage. Gain 25% of Max MP.,Allies gain half as much MP,-,-,-,[0.5;2;7;3],pool,AddedDamageSkill,2,damage×1;stat_gain×1
runestun,RuneStun,Rune Stun,-,root,2,Deals 1.5x Focus SkillType.Stun damage to enemy when triggered.,Deals SkillType.Stun damage,-,-,-,-,pool,,4,damage×2;status×2
sacrifice,Sacrifice,Sacrifice,-,defend,0,-,-,-,-,-,[0.2;0.25;0.4;0.7;1.2;2;3],name-only,base_skill,0,
safeguard,Safeguard,Safeguard,Safeguard,root,3,Prevents target from being Downed for 3 turns. Channeled.,Ally gains 25% of your attributes,OWNER.NAME gains Holy Shield while channeling,-,-,[0.1;0.2;0.25;0.3;0.5;0.6;0.9;0.95;1.35;1.5;1.6;2;7;3],json,,3,status×2;stat_gain×1
salvation,Salvation,Salvation,Salvation,defend,3,Revive an ally at 35% Max HP next turn. Channeled.,Revives ally with 65% Max HP,Ally gains Free Turn,-,-,[0.1;0.2;0.3;0.35;0.5;0.6;0.65;0.8;0.9;1.25;1.35;1.5;1.7;2.0;30.0;2;3],json,base_skill,0,
sandstorm,Sandstorm,Sandstorm,-,root,1,Deactivate Sandstorm.,-,-,-,-,[0.25;0.35;0.5;0.65;0.8;0.875;1.0;2.0;10.0;2],pool,,0,
sawcleave,SawCleave,Saw Cleave,-,enemy,1,Deals 2x Power SkillType.Physical damage to target. Row takes 1x Power SkillType.Physical damage.,-,-,-,-,[0.5;20.0],pool,base_skill,2,damage×2
scan,Scan,Scan,Scan,tbreak,1,"All enemies' HP, MP, and Attributes become visible in the status menu.",-,-,-,-,[1.0;1.35],json,BreakSkill,0,
screech,Screech,Screech,Screech,fight,3,Deals 1x Focus SkillType.Sonic damage and increases MP cost of target's next skill by 250%. Cannot miss.,35% chance for target's next skill with an MP cost to miss,35% chance for target's next skill with an MP cost to fail,-,-,[0.015;0.15;0.35;0.5;0.65;1.5;26.0;35.0;2;3],json,base_skill,1,damage×1
sealfate,SealFate,Seal Fate,-,enemy,0,-,-,-,-,-,[0.01;0.05;0.1;0.15;0.2;0.25;0.3;0.4;0.5;0.75;0.85;0.95;1.0;1.25;1.4;1.55;2.0;2.25;3],name-only,base_skill,0,
sealfatecounter,SealFateCounter,Seal Fate Counter,-,enemy,0,-,-,-,-,-,[-6.0;1.0;2.0;36.0;50.0],name-only,Firearm,0,
searingheat,SearingHeat,Searing Heat,Searing Heat,map,1,All SkillType.Fire damage is doubled.,-,-,-,-,[0.2],json,base_skill,1,damage×1
selfrepair,SelfRepair,Self-Repair,Self-Rep.,root,3,Restores 50% of HP on self when at critical HP. One use per battle.,Dispels all SkillType.Debuff effects,Reduced turn delay after use,-,-,[0.2;0.4;0.5;0.6;1.0;3;2],pool,,0,
servemeal,ServeMeal,Serve Meal,Serve,root,3,Bonus Action. Heal target for 50% of missing HP.,Also restores 50% of missing MP,Dispel all SkillType.Debuff on target,-,-,[0.5;3;2],pool,,1,heal×1
setdice,SetDice,Set Dice,-,root,2,Set outcome of next use of Roll Dice.,25% decreased turn delay,-,-,-,[2;7],pool,,0,
setdice10,SetDice10,Set Dice10,-,root,1,Deals 3x Technique SkillType.Dark damage to a random enemy.,-,-,-,-,-,pool,,1,damage×1
setdice11,SetDice11,Set Dice11,-,root,1,Casts Void Blast on all enemies.,-,-,-,-,-,pool,,0,
setdice12,SetDice12,Set Dice12,-,root,1,Casts Meteor Strike on all enemies.,-,-,-,-,-,pool,,0,
setdice3,SetDice3,Set Dice3,-,root,1,"Heals all allies for 50% max HP, or revive them at 25% if downed.",-,-,-,-,-,pool,,1,heal×1
setdice4,SetDice4,Set Dice4,-,root,1,Restore 100% of a random ally's HP and MP and grant them a Free Turn.,-,-,-,-,-,pool,,1,grant×1
setdice5,SetDice5,Set Dice5,-,root,1,Restore 50% of lowest HP pct ally's HP and MP.,-,-,-,-,-,pool,,0,
setdice6,SetDice6,Set Dice6,-,root,1,Heal self for 50% HP and MP.,-,-,-,-,-,pool,,1,heal×1
setdice7,SetDice7,Set Dice7,-,root,1,Deals 1.25x Technique SkillType.Dark damage to a random enemy.,-,-,-,-,-,pool,,1,damage×1
setdice8,SetDice8,Set Dice8,-,root,1,Casts Lv 3 Curse on 2 random enemies.,-,-,-,-,-,pool,,1,status×1
setdice9,SetDice9,Set Dice9,-,root,1,Uses Lv 3 Break Bones on 2 random enemies.,-,-,-,-,-,pool,,0,
setdicesubskill,SetDiceSubskill,Set Dice Subskill,-,root,0,-,-,-,-,-,[2;3;4],name-only,,0,
seversoul,SeverSoul,Sever Soul,Sever Soul,root,3,Deals 1.35x Power SkillType.MP damage to target. Always hits.,Decreases target Discipline by 35% for three turns,"Target dies instantly if downed, instead of bleeding out. Lasts three turns.",-,-,[0.01;0.15;0.65;3],json,,2,damage×1;stat_mod×1
shadowdriver,ShadowDriver,Shadow Driver,Shadow Drv,enemy,1,Deals 1.5x Power SkillType.Physical damage and returns damage taken while channeling as SkillType.Dark damage.,-,-,-,-,[0.025;0.05;0.07;0.15;0.2;0.25;0.3;0.4;0.5;0.6;0.7;0.8;1.0;1.25;30.0;3],pool,base_skill,2,damage×1;status×1
shakeoff,ShakeOff,Shake Off,ShakeOff,root,3,Bonus Action. Dispels three SkillType.Debuff effects on you.,Gain 15% increased attributes for each SkillType.Debuff removed,Heals for 15% of missing HP for each SkillType.Debuff removed,-,-,[0.15;0.3;0.5;1.0;1.05;1.1;1.15;3],json,,1,heal×1
shaperune,ShapeRune,Shape Rune,-,root,3,"Bonus Action. Create a Rune, ready to Imbue with an effect.",Imbued effect power increased by 10% for each Rune applied to ally,Damage dealt by ally with Rune gains 35% piercing,-,-,[2;7],pool,,1,damage×1
sharpen,Sharpen,Sharpen,-,defend,1,Boltgun gains 50% piercing while in Steam Mech.,-,-,-,-,[0.5;1.0;1.25],pool,base_skill,0,
shatter,Shatter,Shatter,-,root,3,Dispels 1 SkillType.Buff effect and deals 0.75x Focus SkillType.Energy damage for each removed.,Dispels up to 2 SkillType.Buff effects,Dispels up to 3 SkillType.Buff effects,-,-,[0.3;0.35;0.45;0.5;0.75;3],pool,,1,damage×1
shatterreality,ShatterReality,Shatter Reality,-,enemy,1,Kills one ally and downs his mirrored counterpart.,-,-,-,-,[0.25;0.5;0.75],pool,base_skill,0,
shield,Shield,Shield,-,drone,1,The next damage taken is nullified.,-,-,-,-,[0.1;0.2;0.25;0.4;0.5;0.6;1.2;2.0],pool,base_skill,1,damage×1
shieldbash,ShieldBash,Shield Bash,-,root,2,Deals 1x Power SkillType.Physical and SkillType.Stun damage to an enemy.,25% further increased damage,-,-,-,[0.01;0.15;0.2;0.25;0.4;0.6;0.85;0.95;1.0;1.4;1.65;40.0],pool,,3,damage×2;status×1
shieldrune,ShieldRune,Shield Rune,-,root,1,Triggers after being hit. Hits adjacent allies or enemies for 1.5x Imbued effect.,-,-,-,-,[3],pool,,0,
shift,Shift,Shift,-,root,0,-,-,-,-,-,[0.05;0.25;0.3],name-only,,0,
shinymagic,ShinyMagic,Shiny Magic,-,fight,1,Access Shiny Magic skills.,-,-,-,-,[2;7],pool,base_skill,0,
shock,Shock,Shock,-,root,2,Deals 1.5x Focus SkillType.Lightning damage to target enemy.,Deals critical damage with Booming Glyph,-,-,-,[3;2],pool,,2,damage×2
shoot,Shoot,Shoot,-,fight,0,-,-,-,-,-,-,name-only,,0,
shotgunblast,ShotgunBlast,Shotgun Blast,Shotgun,root,3,Deals 1.25x Power SkillType.Physical damage to enemies in the front row. Two uses.,Also deals SkillType.Stun damage,Deals 50% increased damage,-,-,[0.025;0.15;2],json,,4,damage×3;status×1
showoff,ShowOff,Show Off,-,enemy,1,"Deal 2000 total SkillType.Physical damage, 2000 total SkillType.Dark damage, and 2000 total SkillType.Energy damage with Dave's Bound Imps in winning battles.",-,-,-,-,[0.1;0.25;0.3;0.7;0.75;0.95;1.0],json,AddedDamageSkill,1,damage×1
shuriken,Shuriken,Shuriken,-,fight,1,Deals 0.45x Power SkillType.Physical damage up to 3x to enemies.,-,-,-,-,[0.3],pool,base_skill,1,damage×1
sicem,SicEm,Sic 'em,-,root,3,Directs Cana to target an enemy and grants Cana a Free Turn.,Increases Cana's damage by 35% against target,Cana's damage gains 100% piercing,-,-,[0.35;3;2;5],pool,,3,damage×2;grant×1
silvernet,SilverNet,Silver Net,Slv Net,root,3,Deals 100-150 SkillType.Stun damage for 3 turns. Undead and Beasts also take 100-150 SkillType.Holy damage. One use.,35% chance for non-boss target's turn to be interrupted,Target cannot dodge,-,-,[0.2;0.5;35.0;3;2],json,,2,damage×1;status×1
simmeringrage,SimmeringRage,Simmering Rage,Smrg Rage,enemy,1,Each stack increases Focus by 10. Attackers take SkillType.Fire damage when active.,-,-,-,-,[-1.2;0.05;0.07;0.2;0.25;0.3;0.5;0.6;0.7;1.2;2.0;2.5;3.1416;20.0;30.0],json,base_skill,1,damage×1
siphonpunch,SiphonPunch,Siphon Punch,Siphon,enemy,1,"Deals 1x Power SkillType.Physical and SkillType.MP damage, restoring HP and adding to MP based on damage dealt.",-,-,-,-,[0.2;0.25;0.4;0.5;0.6;0.8;1.0;1.25;2;3;4],json,base_skill,1,damage×1
slash,Slash,Slash,Slash,fight,3,Deals 1x Power SkillType.Physical damage to an enemy.,Apply 25% of damage dealt as SkillType.Physical damage over time for 3 turns,50% increased critical hit chance,-,-,[0.25;1.5;3;2;4;5],json,base_skill,2,damage×2
sleepbomb,SleepBomb,Sleep Bomb,-,root,2,Deals 275-325 SkillType.Sleep damage to all enemies. One use.,Damage increased to 400-500,-,-,-,[-15.0;15.0;20.0;2;3],pool,,3,damage×2;status×1
sleepbombexplosion,SleepBombExplosion,Sleep Bomb Explosion,-,root,0,-,-,-,-,-,-,name-only,,0,
sleepinggiant,SleepingGiant,Sleeping Giant,Sleeping Giant,enemy,1,"Greatly increases Endurance, and restores some HP.",-,-,-,-,[0.5],json,HealSkill,0,
sleetstorm,SleetStorm,Sleet Storm,-,root,0,-,-,-,-,-,[0.25;0.8;2.0;2.25;10.0],name-only,,0,
sliceanddice,SliceAndDice,Slice and Dice,SliceDice,enemy,1,Deals 1.0x Power SkillType.Physical damage to random enemies until out of MP.,-,-,-,-,[0.25;0.4;0.5;0.75],pool,base_skill,1,damage×1
slimebomb,SlimeBomb,Slime Bomb,Slime Bomb,enemy,3,"Deals SkillType.Physical and SkillType.Stun damage to enemies in an area, and decreases their speed.","Deals SkillType.Physical and SkillType.Stun damage to enemies in an area, and decreases their speed.","Deals SkillType.Physical and SkillType.Stun damage to enemies in an area, and decreases their speed.",-,-,[0.75;0.8;1.0],json,AddedDamageSkill,6,damage×3;status×3
sloth,Sloth,Sloth,-,root,0,-,-,-,-,-,[-20.0;0.1;0.5;0.75;1.0;1.5;20.0;25.0;2],name-only,,0,
smartpistol,SmartPistol,Smart Pistol,Smart Pstl,fight,3,Deals 25-40 SkillType.Physical damage 3 times. Damage cannot miss this target until after Claire's next turn. Reload after 3 uses.,Lasts through 2 turns,Follow-up SkillType.Ranged damage is always a critical hit,-,-,[1.0;3;2;4],json,Firearm,2,damage×2
smash,Smash,Smash,Smash,root,3,Deals 1.35x Power SkillType.Physical and SkillType.Stun damage to an enemy.,Deals SkillType.Stun damage over time for 3 turns,SkillType.Stun damage always a critical hit,-,-,[0.01;0.15;0.25;0.3;0.5;2;3;4],json,,6,damage×3;status×3
smite,Smite,Smite,-,fight,3,Deals 1x Power SkillType.Physical and 0.5x Focus SkillType.Holy damage.,Holy damage is always critical,Deals up to 50% more damage based on enemy HP,-,-,[0.5;1.0;3;2],pool,AddedDamageSkill,3,damage×3
smithingtools,SmithingTools,Smithing Tools,Smith Tools,root,1,Access Smithing Tool skills.,-,-,-,-,[2;7],pool,,0,
smog,Smog,Smog,Smog,enemy,1,Deals SkillType.Poison damage over time to all enemies and lowers their Technique.,-,-,-,-,[0.2;0.5;1.0;1.5;2.0;3.0;3;2;4],json,base_skill,2,damage×1;status×1
smokebomb,SmokeBomb,Smoke Bomb,S.Bomb,root,3,Attacks against allies have a 35% chance to miss for two turns. One use.,Lasts three turns,Lasts four turns,-,-,[0.3;0.36;0.75],json,,0,
smokegrenade,SmokeGrenade,Smoke Grenade,S.Grenade,root,3,Attacks against allies have a 35% chance to miss for two turns. One use.,Lasts three turns,Lasts four turns,-,-,[0.3;0.35;0.36;0.75;35.0;3;2],json,,0,
snakeoil,SnakeOil,Snake Oil,-,root,3,"Fully heals target ally! (Disclaimer: this product not intended to diagnose, treat, cure, or prevent any disease.)",Fully heals target ally!,Dispels all debuffs!,-,-,[0.5;0.75;2.0;30.0;2;3],pool,,2,heal×2
snowdrone,SnowDrone,Snow Drone,-,root,2,Summon a drone that casts Blizzard. Lasts 3 turns.,Drone has 100% increased Speed,-,-,-,[2;3],pool,,1,summon×1
snowstorm,SnowStorm,Snow Storm,-,enemy,1,Deals 1x Focus SkillType.Ice damage to all enemies and heals ally Icy Thralls.,-,-,-,-,[0.1;0.2;0.25;0.35;0.8;0.85;1.0],pool,base_skill,2,damage×1;heal×1
solidify,Solidify,Solidify,Solidify,enemy,3,Increases Toughness. Stacks infinitely.,Increases Toughness. Stacks infinitely.,Increases Toughness. Stacks infinitely.,-,-,[0.25;0.4;0.45;0.5;0.95;1.0;2.5;4.0;20.0],json,base_skill,0,
soulblast,SoulBlast,Soul Blast,-,enemy,1,Deals 1.0x Power SkillType.Physical damage and drains all MP to deal 75% as SkillType.Energy damage.,-,-,-,-,[0.125;0.35;0.475;0.5;0.625;0.75;1.375;1.525],pool,base_skill,1,damage×1
soulbomb,SoulBomb,Soul Bomb,-,enemy,1,Deals 0.8x Focus SkillType.Dark and SkillType.MP damage.,-,-,-,-,[0.25],pool,Stance,1,damage×1
soulflay,Soulflay,Soulflay,Soulflay,root,3,Deals 1.35x Power SkillType.MP damage to target. Always hits.,Decreases target Discipline by 35% for three turns,"Target dies instantly if downed, instead of bleeding out. Lasts three turns.",-,-,-,json,,2,damage×1;stat_mod×1
soullance,SoulLance,Soul Lance,-,fight,1,Deals 1.25x Power SkillType.Dark and SkillType.MP damage to a column.,-,-,-,-,[0.15],pool,Stance,1,damage×1
soultap,Soultap,Soultap,-,root,2,Converts MP into restored missing HP.,Converts at 35% improved rate,-,-,-,[0.25;0.4;0.5;0.675;0.8;1.0;2;3],pool,,0,
sparkbomb,SparkBomb,Spark Bomb,-,enemy,1,Deals SkillType.Lightning damage to all enemies.,-,-,-,-,[0.05;0.07;0.3;0.5;0.6;0.8;1.0],pool,base_skill,1,damage×1
spawnegg,SpawnEgg,Spawn Eggs,Spawns eggs.,enemy,0,-,-,-,-,-,-,name-only,base_skill,0,
spawntentacle,SpawnTentacle,Spawns tentacles.,SpawnTentacle,enemy,0,-,-,-,-,-,[0.35;0.5;1.0;5.0],name-only,base_skill,0,
spellbook,Spellbook,Spellbook,-,defend,2,Access Lich Spells.,Sorcery skill MP cost decreased by 25%,-,-,-,[2;7],pool,base_skill,0,
spellscreen,Spellscreen,Spellscreen,Splscreen,root,3,Blocks up to 1x Focus damage from SkillType.Spell skills.,Restores MP for 1x the damage blocked,Deals SkillType.Energy damage to attackers for 1x damage blocked,-,-,[0.1;0.25;0.5;2.0;2;3;4],json,,3,damage×3
spiderlingbite,SpiderlingBite,Spiderling Bite,Spider Bite,enemy,1,Deals SkillType.Poison damage over time.,-,-,-,-,[0.01;0.1;0.15;0.33;1.0;1.5;3],json,base_skill,2,damage×1;status×1
spiderswarm,SpiderSwarm,Spider Swarm,-,enemy,1,All Spiderlings attack at once. At least 3 Spiderlings must be alive to activate this skill.,-,-,-,-,[3],pool,base_skill,0,
spikebomb,SpikeBomb,Spike Bomb,-,inventions,1,Deals 150-200 SkillType.Physical damage and 75-100 SkillType.Physical damage over time for 3 turns.,-,-,-,-,[-15.0;0.5;1.0;2.0;15.0;2;3;4],pool,Invention,1,damage×1
spinattack,SpinAttack,Spin Attack,-,root,0,-,-,-,-,-,[0.25;0.4;0.45;0.6;3;2],name-only,,0,
spinningblade,SpinningBlade,Spinning Blade,-,root,0,-,-,-,-,-,-,name-only,,0,
spiritshield,SpiritShield,Spirit Shield,-,root,4,Bonus Action. 50% of taken damage is converted to SkillType.MP damage.,50% decreased MP damage taken,Increases MP healing received by 50%,Bonus Action. Deactivate Spirit Shield buff.,-,[0.5;3;5],pool,,3,damage×2;status×1
spiritwalk,SpiritWalk,Spirit Walk,SprtWalk,root,3,All damage taken is converted into SkillType.MP damage for 1 turn.,Restore 25% of missing MP on end,Gain 3 Resist stacks on use,-,-,[0.15;0.25;0.5;1.0;3;2],json,,1,damage×1
spitpoison,SpitPoison,Spit Poison,-,enemy,0,-,-,-,-,-,[0.01;0.15;1.0;1.5;3],name-only,base_skill,0,
splash,Splash,Splash,-,fight,3,Deals 1x Focus SkillType.Physical and SkillType.Stun damage.,Decreases target's Technique by 15%,Decreases target's Speed by 15%,-,-,[0.85;2;3],pool,base_skill,4,stat_mod×2;damage×1;status×1
splitarrow,SplitArrow,Split Arrow,Split Arw,root,1,Deals 0.75x Tech SkillType.Physical damage to target enemies.,-,-,-,-,[0.15;0.25;0.5;3],pool,,1,damage×1
springboots,SpringBoots,Spring Boots,Spring Boots,inventions,3,Become untargetable and deal 300-400 SkillType.Physical damage to a random target next turn. One use.,2 uses,3 uses,-,-,[-20.0;0.25;0.5;0.75;1.0;3],json,Invention,1,damage×1
springbootsstomp,SpringBoots_Stomp,Spring Boots_Stomp,-,inventions,0,-,-,-,-,-,-,name-only,base_skill,0,
stabilize,Stabilize,Stabilize,-,tbreak,1,Reduce current Instability level to zero.,-,-,-,-,[0.015;0.15;0.5;0.65;26.0],pool,BreakSkill,0,
stakebolt,Stakebolt,Stakebolt,-,root,3,Deals 1.5x Power SkillType.Physical damage. Instantly removes Undead that are downed by Stakebolt.,Deals 1.5x Power SkillType.Physical damage and removes Undead if downed.,Deals 50% increased damage to Undead,-,-,[1.5;2;3],pool,,3,damage×3
stalk,Stalk,Stalk,Stalk,root,3,Next skill deals 60% increased damage. Cannot be targeted by enemies.,Increases Technique by 25%,Increases critical damage by 120%,-,-,-,json,,3,damage×2;stat_mod×1
stampede,Stampede,Stampede,-,root,1,All allied summons attack target enemy for 1x Pow SkillType.Physical damage. 3 turn charge.,-,-,-,-,[2;7],pool,,2,damage×1;summon×1
stampedefight,StampedeFight,Stampede Fight,-,root,0,-,-,-,-,-,-,name-only,,0,
standby,Standby,Standby,-,defend,2,Gain a Free Turn when an ally is critical.,35% chance to not end on trigger,-,-,-,[0.2;0.4;35.0;3;2],pool,base_skill,0,
starfury,StarFury,Star Fury,-,root,0,-,-,-,-,-,[-25.0;0.005;0.01;0.025;0.25;0.3;0.5;0.8;25.0;5],name-only,,0,
stasis,Stasis,Stasis,Stasis,tbreak,1,"Reduce non-boss target SPD, AGI, and SkillType.Healing received to 0 until your next turn.",-,-,-,-,[0.25;0.5;0.75;1.0;1.1;1.35],json,BreakSkill,0,
stasisenemy,StasisEnemy,Stasis Enemy,-,tbreak,0,-,-,-,-,-,-,name-only,BreakSkill,0,
stasisnet,StasisNet,Stasis Net,StasisNet,root,3,Deals 150-200 SkillType.Lightning and SkillType.MP damage over time for 3 turns. Three uses. Cannot miss.,Steals MP from target,Target cannot dodge,-,-,[0.05;0.2;0.5;1.0;1.5;3;2],json,,1,damage×1
steammech,SteamMech,Steam Mech,-,root,3,Bonus Action. Gain Boltgun and Eject skills and lose 200 MP every turn.,Damage taken decreased by 50% while in Steam Mech,All attributes increased by 66% while in Mech,-,-,[0.012;0.15;0.5;0.7;1.0;1.66;3;2;5],pool,,1,damage×1
steroids,Steroids,Steroids,Steroids,root,1,"Increases Power and Speed by 35%, but 25% chance to lose control.",-,-,-,-,[0.5;0.75;1.0;1.35;2.0;25.0;30.0],json,,0,
stimulants,Stimulants,Stimulants,Stimulants,root,1,"Increases Focus and Speed by 35%, but 25% chance to lose control.",-,-,-,-,[0.5;0.75;1.0;1.35;2.0;25.0;30.0],json,,0,
sting,Sting,Sting,-,enemy,1,Deals 2x Power SkillType.Physical damage to target.,-,-,-,-,-,pool,base_skill,1,damage×1
stokefire,StokeFire,Stoke Fire,-,root,2,Bonus Action. Restore 150 MP and Increase Max MP by 150 for 3 turns.,Restore 150 MP and Increase Max MP by 150 for 3 turns.,-,-,-,[-1.2;0.05;0.07;0.2;0.25;0.3;0.5;0.6;0.7;1.2;3.1416;30.0;40.0;3;2],pool,,0,
stomp,Stomp,Stomp,-,enemy,1,Deals 1x Power SkillType.Physical and SkillType.Stun damage to an entire row.,-,-,-,-,-,pool,base_skill,2,damage×1;status×1
stoneskin,Stoneskin,Stone Skin,Stone Skin,root,1,"Toughness, Endurance, and Discipline are increased by +50 and +20%, but healing received is decreased by 75%.",-,-,-,-,[2;3;4],json,,0,
strafe,Strafe,Strafe,-,root,2,Bonus Action. Deals 1x Power SkillType.Physical damage to target. Row takes 0.5x Power SkillType.Physical damage.,Bonus Action. Deals 1x Power SkillType.Physical damage to target and half to row.,-,-,-,[-20.0;0.3;0.5;0.6;1.0;20.0],pool,,3,damage×3
strangemoonlight,StrangeMoonlight,Strange Moonlight,Moonlight,map,1,"Beasts and Undead take 20% reduced damage, deal 20% increased damage, and gain 25% increased speed.",-,-,-,-,[0.2;0.8;1.25],json,base_skill,1,damage×1
strangespores,StrangeSpores,Strange Spores,Spores,enemy,1,Force a non-Boss enemy to attack their ally next turn.,-,-,-,-,[1.0;7;2;3],json,base_skill,0,
strategize,Strategize,Strategize,Strategize,root,3,Song. Increases Speed and Technique by 20% of OWNER.NAME's Wisdom for all allies.,Allies take 25% decreased SkillType.Sleep damage,Allies take 25% decreased SkillType.Stun damage,-,-,[0.75;2;3],json,,4,damage×2;status×2
strikefear,StrikeFear,Strike Fear,-,fight,2,Deals 1.5x Focus SkillType.Stun damage to target.,Target non-boss loses 50% of current turn progress,-,-,-,[0.25;0.4;0.5;0.6;1.8;2.05;2.25;2;3;7],pool,base_skill,2,damage×1;status×1
stumble,Stumble,Stumble,-,root,3,"Step forward, then fall down.",Turn delay decreased by 35%,35% chance to gain a free turn,-,-,[0.15;0.5;0.85;1.15;1.3;1.5;35.0;2;3],pool,,0,
stunburst,StunBurst,Stun Burst,-,enemy,1,Deals 0.75x Power SkillType.Energy and 1.5x Power SkillType.Stun damage 3-5 times in an area.,-,-,-,-,-,pool,base_skill,2,damage×1;status×1
stungrenade,StunGrenade,Stun Grenade,-,root,1,Deals 250-350 SkillType.Stun damage to target enemies. One use.,-,-,-,-,[2],pool,,2,damage×1;status×1
stungun,StunGun,Stun Gun,Stun Gun,root,3,Deals 250-350 SkillType.Stun damage to target enemy.,Deals 50% of SkillType.Stun damage dealt as damage over time for 3 turns,Also deals 100-150 SkillType.Lightning damage,-,-,[0.01;0.15;2;3;4],json,,5,damage×3;status×2
stunshot,StunShot,Stun Shot,Stun Laser,enemy,1,Deals 1x Power SkillType.Energy and 2.0x Power SkillType.Stun damage.,-,-,-,-,[2.0],pool,base_skill,2,damage×1;status×1
subpoena,Subpoena,Subpoena,Subpoena,defend,3,"Force a non-Boss enemy to attack an adjacent teammate next turn with a basic attack, if possible.",Attack deals 50% increased damage,Effect has 25% chance to persist,-,-,-,json,,1,damage×1
subsume,Subsume,Subsume,-,enemy,1,Deals 2.0x Power SkillType.Physical damage to target enemy and heals self based on damage dealt. Always crits. Requires Ambush.,-,-,-,-,[0.2;0.25;0.4;0.5;0.6;0.8;1.0;2.0;2.25],pool,base_skill,2,damage×1;heal×1
suggestion,Suggestion,Suggestion,Suggestion,root,3,"Target non-boss sleeping enemy wakes up and attacks a random adjacent ally, continuing to attack for 2 turns.",Attack deals 50% increased damage,Attack's damage does not affect sleep counters,-,-,[1.0;7;3;2],json,,2,damage×2
summonbear,SummonBear,Summon Bear,-,defend,1,"Summon Khaled, the bear who knocks enemies around with heavy damage.",-,-,-,-,-,pool,,2,damage×1;summon×1
summonfalcon,SummonFalcon,Summon Falcon,-,defend,1,"Summon Hadi, the falcon who scouts enemy weaknesses.",-,-,-,-,-,pool,,1,summon×1
summonhusks,SummonHusks,Summon Husks,-,enemy,0,-,-,-,-,-,[-2;2;3;6],name-only,base_skill,0,
summonimp,SummonImp,Summon Imp,-,root,0,-,-,-,-,-,[0.25;0.35;0.5;1.0;3;2],name-only,,0,
summonmenagerie,SummonMenagerie,Summon Menagerie,-,defend,0,-,-,-,-,-,[0.15;0.25;0.5;2],name-only,base_skill,0,
summonmonkey,SummonMonkey,Summon Monkey,-,defend,2,"Summon Mishmish, the monkey who interferes with enemy actions, dispels SkillType.Buff, and heals allies.","Summon Mishmish, the mischievous monkey.",-,-,-,-,pool,,3,summon×2;heal×1
sunbeam,Sunbeam,Sunbeam,-,root,0,-,-,-,-,-,-,name-only,,0,
sunder,Sunder,Sunder,-,enemy,2,Deals 3x Focus SkillType.Dark damage to target critical enemy and heals all allies based on damage dealt.,Deals 3x FCS SkillType.Dark damage to critical enemy and heals all allies.,-,-,-,[0.01;0.15],pool,base_skill,4,damage×2;heal×2
sunsrage,SunsRage,Suns Rage,-,enemy,0,-,-,-,-,-,[0.5;1.25;1.5],name-only,HealSkill,0,
supplydrop,SupplyDrop,Supply Drop,Supply Drp,root,3,Restores one SkillType.Gadget use for allies.,Allies gain Medkit skill for the battle,Allies gain Grenade skill for the battle,-,-,[2;7;3],pool,,0,
support,Support,Support,Support,defend,3,Target ally gains 25% of your attributes. Limit one.,Attributes given increased to 33%,Gain a free turn when target ally is downed,-,-,[3],json,base_skill,1,stat_gain×1
suppressingfire,SuppressingFire,Suppressing Fire,Supp.Fire,root,3,Deals 0.65x Power SkillType.Physical damage and decreases target's Technique by 15%. Always hits.,Also deals SkillType.Stun damage,Target's Agility and Speed decreased by 25%,-,-,[0.01;0.1;0.15;0.2;0.25;1.0;3],json,,4,damage×2;stat_mod×1;status×1
swarm,Swarm,Swarm,Swarmer,enemy,1,All Biters and Swarmers attack with their fight skill.,-,-,-,-,[2;7],pool,base_skill,0,
sweep,Sweep,Sweep,-,root,1,Deals 1x Power SkillType.Physical damage to target. Row takes 0.5x Power SkillType.Physical damage.,-,-,-,-,[0.5;20.0],pool,,2,damage×2
sweepattack,SweepAttack,Sweep Attack,Sweep Atk,root,1,Deals 1x Power SkillType.Physical damage to a row of enemies.,-,-,-,-,[0.5;20.0],pool,,1,damage×1
sweepkick,SweepKick,Sweep Kick,SweepKck,root,2,Deals 2x Power SkillType.Stun damage to an enemy.,Up to 100% more damage based on target turn progress,-,-,-,[0.01;0.15;0.5;0.75;0.95;1.0;2.0;3;2],pool,,3,damage×2;status×1
swiftrune,SwiftRune,Swift Rune,Swift,root,3,Triggers at start of turn. Hits one target for 2x Imbued effect., at start of turn. (, to a random enemy at start of turn. (,-,-,-,pool,,0,
swipe,Swipe,Swipe,-,enemy,3,Deals 1x Power SkillType.Physical damage.,Damage gains 50% piercing,50% chance to apply additional Neurotoxin SkillType.Debuff,-,-,[0.025;0.05;0.15;0.5;0.66;20.0;50.0;2;7;3],pool,base_skill,2,damage×2
swordplay,Swordplay,Swordplay,-,fight,1,Access melee Swordplay skills.,-,-,-,-,[2;7],pool,base_skill,0,
swordrune,SwordRune,Sword Rune,Sword,root,1,Triggers after using an SkillType.Attack skill. Hits one target for 1.5x Imbued effect.,-,-,-,-,-,pool,,0,
swordspirit,SwordSpirit,Sword Spirit,-,root,2,Bonus Action. Access the Sword Spirits. Two turn charge.,Bonus Action. Deactivate Sword Spirit buff. Two turn charge.,-,-,-,[2;7],pool,,0,
synchronize,Synchronize,Sychronize,Sync,fight,3,"All allies' turn progress are advanced to 100%. 4 turn charge, long turn delay.",Allies are healed for 2x Focus HP,Keekuko's SPD is increased by +15. Stacks.,-,-,[0.5;0.5725;0.7373;0.8;0.9412;1.35;15.0;3;7;2],json-size,base_skill,0,
syrette,Syrette,Syrette,Syrette,root,3,Decreases taken damage by 50% for an ally. Three uses.,Cannot be removed,50% chance to prevent being downed,-,-,[0.25;0.3;0.5;2.0;50.0;3],json,,1,damage×1
tackle,Tackle,Tackle,-,root,0,-,-,-,-,-,[0.05;0.25;0.5;1.0;2.5;10.0;2;3],name-only,,0,
takedown,Takedown,Takedown,-,root,0,-,-,-,-,-,-,name-only,,0,
takeroot,TakeRoot,Take Root,Take Root,defend,3,"Become Rooted, unable to be shifted. Increases TGH by 40%, but cannot dodge. Can be toggled.",Restores 15% Max HP after each turn,Becomes a Bonus Action,-,-,[-4.0;-2.0;0.15;0.6;1.0;1.2;1.4;2.1;4.0;3;2;5],json,base_skill,0,
tarpit,TarPit,Tar Pit,Tar Pit,root,3,Deals 1x Power SkillType.Physical damage to enemies and resets their turn progress. Half effect on Boss enemies. Five turn charge.,Decrease enemy Speed by 50%,50% chance to interrupt non-boss enemy's next action,-,-,[0.5;2.0;2],json,,1,damage×1
taunt,Taunt,Taunt,Taunt,defend,3,Bonus Action. Forces enemy to target you for 3 turns. No effect on Bosses.,Target deals 50% decreased damage to other allies,15% chance that target stumbles in rage,-,-,[0.15;0.25;0.5;0.75;1.25;1.5;1.75;2.25;2.4;15.0;30.0;35.0;50.0;7;2;3],json,base_skill,1,damage×1
tear,Tear,Tear,Tear,root,3,Deals 1.35x Power SkillType.Physical damage and decreases target's SkillType.Healing received by 40% for 3 turns.,Stacks three times,Decreases target's Endurance by 15%,-,-,-,json,,2,damage×1;stat_mod×1
telekinesis,Telekinesis,Telekinesis,-,enemy,0,-,-,-,-,-,[0.025;0.05;0.15;0.3;0.6;0.66;0.9;1.2;1.3;2.0;48.0],name-only,base_skill,0,
temper,Temper,Temper,Temper,root,3,"SkillType.Physical damage taken by target decreased by 0.5x Power, up to 75%. Effect decays when hit.",Decays at a slower rate,Affects all damage types,-,-,[0.25;0.4;0.45;0.5;0.95;1.0;2.5;4.0;3],json,,2,damage×2
tengu,Tengu,Tengu,Tengu,root,3,Replace Katana with Wind Cutter. Cast Falling Leaf on end.,Gain 50% of Discipline as Power and Focus while active,Adds up to 0.5x Discipline to damage with hits,-,-,[0.5;7;2;3],json,,2,stat_gain×1;damage×1
terrify,Terrify,Terrify,-,root,3,Deals 2x Focus SkillType.Stun damage to enemies in the front row. 2 turn charge.,Targets have a 50% chance to shift to the back row,Deals 50% extra damage to all enemies,-,-,[0.25;0.4;0.5],pool,,3,damage×2;status×1
terrorbite,TerrorBite,Terror Bite,Terror Bite,enemy,3,Deals 1.5x Power SkillType.Physical damage. Pierces 50% of defenses and causes bleeding.,Damage increased by 15%,Damage increased by additional 15%,-,-,[0.2;1.0;3;2;4;5],json,,3,damage×3
terrorspit,TerrorSpit,Terror Spit,-,enemy,1,"Deals 2x Pow SkillType.Poison damage and 2.0x SkillType.Stun damage, and applies 3 stacks of Corrosive Blood to all enemies.",-,-,-,-,[0.8],pool,AddedDamageSkill,3,status×2;damage×1
teslabuildup,TeslaBuildUp,Tesla Build Up,-,enemy,1,The machine is building up energy.,-,-,-,-,[0.5;0.75;0.7569;0.9176;1.0;1.5;2.0;3.25],pool,base_skill,0,
teslaoverload,TeslaOverload,Tesla Overload,-,enemy,0,-,-,-,-,-,[0.001;0.05;0.5;0.75;1.5;2.0;20.0],name-only,base_skill,0,
thaw,Thaw,Thaw,-,enemy,1,Deals SkillType.Ice damage.,-,-,-,-,[0.1;0.5],pool,base_skill,1,damage×1
thrash,Thrash,Thrash,-,root,0,-,-,-,-,-,[0.25;0.4;0.45;2;3],name-only,,0,
throwaxe,ThrowAxe,Throw Axe,Throw Axe,root,3,Deals 0.75x Power SkillType.Physical damage to target enemy.,Apply 50% of damage dealt as SkillType.Physical damage over time for 3 turns,Stacks 3 times and refreshes duration on hit,-,-,[0.4;2;3;4],json,,2,damage×2
throwblade,ThrowBlade,Throw Blade,-,fight,2,Deals 1x Power SkillType.Physical damage to target enemy. Consumes one Blade stack.,Deals 50% more critical damage,-,-,-,[0.4;0.5;3;2],pool,base_skill,2,damage×2
throwknife,ThrowKnife,Throw Knife,-,root,2,Deals 1x Power SkillType.Physical damage to target. Cannot be countered.,Damage gains 25% piercing,-,-,-,[0.25;0.4;0.5;1.0;1.5;2;3],pool,,2,damage×2
throwskull,ThrowSkull,Throw Skull,-,root,2,Deals 0.8x Power SkillType.Physical damage to an enemy. Costs 5% of current HP on hit.,No longer costs HP during Rekindle.,-,-,-,[-0.05;0.5;42.0;3;2],pool,,1,damage×1
throwspear,ThrowSpear,Throw Spear,-,root,2,Deals 1.35x Power SkillType.Physical damage to target enemy. 3 uses.,Deals 50% increased critical damage,-,-,-,[0.4;0.5;2;3],pool,,2,damage×2
thunderhammer,ThunderHammer,Thunder Hammer,ThdrHammer,root,3,Deals 1.0x Power SkillType.Physical and SkillType.Lightning damage. Always hit with SkillType.Lightning damage.,Deals 2.0x Power SkillType.Stun damage,Deals 0.65x Power SkillType.Lightning damage over time for 3 turns,-,-,[0.01;0.15;2.0;2;3;4;5],json,,4,damage×3;status×1
timedcharge,TimedCharge,Timed Charge,Time Chrg,root,3,"After two turns, deals 200-250 SkillType.Physical damage to all enemies. One use.",Also deals SkillType.Stun damage to enemies,Decreased turn delay,-,-,[0.4;0.45;0.5;0.6;1.6;2.0;4.0;3],json,,3,damage×2;status×1
timesavant,TimeSavant,Time Savant,-,root,2,"10% chance to use Haste, Stasis, or Rewind Time Break skills for MP cost instead of particles",Chance increased by 5% per turn. Resets when a Time Break skill is used,-,-,-,[2;3;7],pool,,1,status×1
tinker,Tinker,Tinker,-,root,2,Target ally deals 25% increased damage or healing with SkillType.Gadget skills for 3 turns.,Restores one use for all of target's SkillType.Gadget skills,-,-,-,[0.25;1.25;2;3],pool,,1,damage×1
toadcap,ToadCap,Toad Cap,-,root,1,Deals 50-75 SkillType.Poison damage to target enemy.,-,-,-,-,-,pool,,2,damage×1;status×1
tongue,Tongue,Tongue,-,enemy,0,-,-,-,-,-,-,name-only,,0,
toss,Toss,Toss,-,defend,0,-,-,-,-,-,[0.01;0.15;0.25;0.5;1.2;1.5;1.55;1.65;1.85;1.95;2.1;2.15;2.7;2],name-only,base_skill,0,
toxicbomb,ToxicBomb,Toxic Bomb,Toxic Bomb,enemy,3,"Deals SkillType.Poison damage to enemies in an area, and causes SkillType.Poison damage over time.","Deals SkillType.Poison damage to enemies in an area, and causes SkillType.Poison damage over time.","Deals SkillType.Poison damage to enemies in an area, and causes SkillType.Poison damage over time.",-,-,[0.5;0.8;1.0;1.5;3;2;4],json,base_skill,6,damage×3;status×3
toxicmist,ToxicMist,Toxic Mist,Toxic Mist,enemy,3,Deals SkillType.Poison damage over time to everyone in the battle.,Deals SkillType.Poison damage over time to everyone in the battle.,Deals SkillType.Poison damage over time to everyone in the battle.,-,-,[0.5;1.0;1.5;2.0;3.0;3;2;4],json,base_skill,6,damage×3;status×3
toxicslam,ToxicSlam,Toxic Slam,Toxic Slam,enemy,1,"Deals SkillType.Poison damage. Pulls an enemy into its body, where it takes SkillType.Poison damage over time until it is digested or broken out.",-,-,-,-,[0.05;0.07;0.2;0.3;0.5;0.6;0.66;0.7;1.0;1.5;9.0],json,,2,damage×1;status×1
toxicspores,ToxicSpores,Toxic Spores,Toxic Spores,enemy,3,Deals SkillType.Poison damage over time and reduces healing received.,Deals SkillType.Poison damage over time and reduces healing received.,Deals SkillType.Poison damage over time and reduces healing received.,-,-,[0.5;1.0;1.5;3;2;4],json,base_skill,6,damage×3;status×3
track,Track,Track,Track,root,3,Bonus Action. Increases your chance to hit target by 50%. Refunds when downed.,15% increased damage to target,25% Increased critical damage to target,-,-,[0.15;0.25;0.5;2;3],json,,2,damage×2
trample,Trample,Trample,-,enemy,0,-,-,-,-,-,[0.01;0.015;0.02;0.025;0.03;0.04;0.15;0.2;0.3;0.4;0.45;0.5;0.6;1.1;1.3;2.0],name-only,base_skill,0,
transform,Transform,Transform,-,defend,1,Change battle form.,-,-,-,-,-,pool,base_skill,0,
treat,Treat,Treat,-,fight,0,-,-,-,-,-,[0.25;0.5;1.0;2;3],name-only,HealSkill,0,
tremor,Tremor,Tremor,-,enemy,0,-,-,-,-,-,[0.01;0.015;0.02;0.025;0.03;0.04;0.15;0.2;0.3;0.45;0.5;0.6;1.1;1.3;2.0;2;7],name-only,base_skill,0,
trilaser,TriLaser,Tri Laser,-,enemy,1,Deals 1.0x Power SkillType.Energy and 0.5x SkillType.Fire damage to target row.,-,-,-,-,[0.2;0.5],pool,base_skill,1,damage×1
truestrike,TrueStrike,True Strike,True Strk,root,3,Target always hits with next 3 SkillType.Attack skills.,Reduces MP cost of SkillType.Attack skills by 50%,Target gains 100% piercing with SkillType.Attack skill damage,-,-,[1.0;3;5],json,,1,damage×1
tuneup,TuneUp,Tune Up,Tune Up,enemy,3,"Increases Power, Endurance, and Speed for a mechanical ally and grants them a free turn.","Increases Power, Endurance, and Speed for a mechanical ally and grants them a free turn.","Increases Power, Endurance, and Speed for a mechanical ally and grants them a free turn.",-,-,[0.15;1.5],json,base_skill,3,grant×3
turbo,Turbo,Turbo,-,enemy,1,All allies gain 100% increased speed for 1 turn and grants a random ally a free turn.,-,-,-,-,-,pool,base_skill,1,grant×1
ultralaser,UltraLaser,Ultra Laser,-,enemy,1,Deals 1.5x Power SkillType.Energy damage.,-,-,-,-,[0.0014;0.85;1.5;1.6],pool,base_skill,1,damage×1
undeath,Undeath,Undeath,-,enemy,1,"Revives all Undead allies. Endurance is decreased every time resurrected, maximum 3 times.",-,-,-,-,[0.666;3],pool,HealSkill,0,
unload,Unload,Unload,-,root,1,Deals 0.75x Power SkillType.Physical damage up to 4 times in an area.,-,-,-,-,[0.5;3;2],pool,,1,damage×1
unravel,Unravel,Unravel,-,tbreak,1,All Downed enemies are removed from battle.,-,-,-,-,[0.25;1.35],pool,BreakSkill,0,
upgrade,Upgrade,Upgrade Mech,-,defend,1,Access skills that improve Steam Mech. Reduced turn delay after use.,-,-,-,-,[2;3;7],pool,base_skill,0,
uppercut,Uppercut,Uppercut,-,root,3,Deals 1.5x Power SkillType.Physical and SkillType.Stun damage. Charges when gaining Combo.,50% increased critical chance,Gain 2 Combo on critical hit,-,-,[0.01;0.15;1.5;3;2],pool,,2,damage×1;status×1
usepotion,UsePotion,Use Potion,-,defend,1,Uses a random Potion on a low health ally.,-,-,-,-,[0.66;3],pool,base_skill,0,
vampirebite,VampireBite,Vampire Bite,-,fight,0,-,-,-,-,-,[0.05;0.5],name-only,,0,
vengeance,Vengeance,Vengeance,-,enemy,1,Deals 1.25x Focus SkillType.Lightning and SkillType.Fire damage to all enemies.,-,-,-,-,[0.01;0.15;0.25;2.0;2],pool,base_skill,1,damage×1
venombite,VenomBite,Venom Bite,Venom Bite,root,3,"Deals 0.5x Power SkillType.Physical damage, and SkillType.Poison damage over time for 3 turns. Stacks.",Stacks increase SkillType.Poison damage taken by 15%,Trigger SkillType.Poison damage for all stacks when hit by SkillType.Attack skill,-,-,[0.01;0.1;0.15;0.5;1.0;1.5;2;3],json,,6,damage×3;status×3
venomlibrary,VenomLibrary,Venom Library,Venom Lib,city,1,Decreases target Endurance.,-,-,-,-,[0.99],json,base_skill,0,
venomspray,VenomSpray,Venom Spray,Venom Spray,enemy,1,"Deals 0.4x Focus SkillType.Poison damage to targets, and 0.2x Focus SkillType.Poison damage over time for 3 turns. Increases target's SkillType.Poison damage taken by 25%.",-,-,-,-,[0.2;0.25;0.5;1.0;36.0;40.0;3;2;4],json,base_skill,3,damage×2;status×1
ventsteam,VentSteam,Vent Steam,Vent,root,3,Lose 100 MP. Heal self for 50% Max HP.,Dispel three SkillType.Debuff effects on self,Extend duration of self-applied SkillType.Buff effects by 1 turn,-,-,-,pool,,1,heal×1
vinegrasp,VineGrasp,Vine Grasp,Vine Grasp,root,3,Deals 0.75x Focus SkillType.Physical and SkillType.Stun damage to target. Lasts 3 turns.,Decreases Agility by 35%,Decreases Speed by 35%,-,-,[0.3;0.5;0.6;0.65;1.0;2;3],json,,4,stat_mod×2;damage×1;status×1
vinelash,VineLash,Vine Lash,-,enemy,2,Deals 1.2x Power SkillType.Physical damage and sends target to the back row.,Activates at start of turn. Deals 1.2x Power SkillType.Physical damage and sends target to the back row.,-,-,-,[0.025;0.05;0.15;0.4;2;7],pool,,2,damage×2
vinespear,VineSpear,Vine Spear,-,root,1,Deals 1.35x Power SkillType.Physical damage to target enemy.,-,-,-,-,-,pool,,1,damage×1
vinewhip,VineWhip,Vine Whip,-,enemy,0,-,-,-,-,-,-,name-only,,0,
voidbite,VoidBite,Void Bite,Void Bite,enemy,1,Deals 1x Power SkillType.Dark damage and target cannot heal for 3 turns,-,-,-,-,[0.1;0.5;0.66;3],json,base_skill,2,damage×1;heal×1
voidblast,VoidBlast,Void Blast,-,enemy,2,Deals 1x Focus SkillType.Dark damage to all enemies and shifts their positions randomly. Cannot miss.,Deals 1x Focus SkillType.Dark damage and randomly shifts all targets.,-,-,-,[0.1;0.2;0.25;0.3;0.4;0.5;0.6;1.0;1.125;1.25;1.3;2.0;2.25;2.35;2;7],pool,base_skill,2,damage×2
voidstrike,VoidStrike,Void Strike,-,enemy,1,Deals 1.2x Power SkillType.Physical and 1.2x Focus SkillType.Dark damage.,-,-,-,-,[1.2],pool,base_skill,1,damage×1
voidzombify,VoidZombify,Void Zombify,-,enemy,1,Human allies are turned into zombies when they are downed.,-,-,-,-,[0.5],pool,base_skill,0,
vulstaff,Vulstaff,Vulstaff,-,root,1,Access Vulstaff skills. Requires Hunter Stance.,-,-,-,-,[2;7;3],pool,,0,
wail,Wail,Wail,-,root,1,Deals 0.25x Focus SkillType.Sonic damage to all enemies 3 times.,-,-,-,-,-,pool,,1,damage×1
wallop,Wallop,Wallop,-,enemy,2,Deals 1.33x Power SkillType.Physical damage and sends target to the back row. Also deals 66% damage to back row target.,"Deals 1.33x Pow SkillType.Physical damage, knocks target back. Also deals damage to back row.",-,-,-,[0.025;0.05;0.15;0.66;2;7],pool,base_skill,2,damage×2
wandstrike,WandStrike,Wand Strike,-,enemy,1,Deals 1x Power SkillType.Energy damage to target and regenerates MP on hit.,-,-,-,-,-,pool,base_skill,1,damage×1
war,War,War,-,fight,2,Deals 155-205 SkillType.Physical damage. Deals critical damage. Reload after 6 uses.,Deals 35% more damage,-,-,-,[1.35;1.5;3;2],pool,Firearm,2,damage×2
warmonger,Warmonger,Warmonger,-,root,3,Stance. Automatically use Peace after using War.,War and Peace have 25% chance to not cost ammo,Damage increased by up to 35% based on target's missing HP,-,-,[0.25;0.35;3],pool,,1,damage×1
warmup,WarmUp,Warm Up,Warm Up,enemy,1,Bonus Action. Increases Speed and Focus by +15. Stacks infinitely.,-,-,-,-,[-1.2;0.05;0.07;0.2;0.25;0.3;0.5;0.6;0.7;1.2;2.5;3.1416;15.0;30.0],json,base_skill,0,
weakness,Weakness,Weakness,Weakness,root,1,Power and Toughness are decreased by -5.,-,-,-,-,[-20.0;0.1;0.25;0.5;0.75;0.85;1.0;1.5;20.0;2;3],json,,0,
weaponsplatform,WeaponsPlatform,Weapons Platform,-,fight,3,Arms Chain Laser automatically at start of battle.,SkillType.Attack skills deal 25% increased damage,Critical hits deal 50% increased damage,-,-,[0.25;0.5;2;3],pool,base_skill,2,damage×2
whetstone,Whetstone,Whetstone,Whetstone,root,3,Increases the damage of ally's SkillType.Attack skills by 35% for 3 turns.,Increases SkillType.Attack critical chance by 50%,Increases SkillType.Attack piercing by 50%,-,-,[0.25;0.35;0.5;0.95;1.0;1.25;1.5;3;2],json,,1,damage×1
whip,Whip,Whip,-,fight,2,Deals 1.2x Power SkillType.Physical damage to target.,"If target is a Beast, also deals 3x POW SkillType.Stun damage",-,-,-,[0.05;0.1;1.5;3.0;3;2],pool,base_skill,3,damage×2;status×1
whipshot,WhipShot,Whip Shot,-,root,3,Deals 0.75x Power SkillType.Physical damage and shifts target to the back row.,Also deals 1x Power SkillType.Stun damage,Also deals 66% of damage to back row target,-,-,[0.05;0.1;0.66;1.5;2;7;3],pool,,4,damage×3;status×1
whirlwind,Whirlwind,Whirlwind,-,root,1,Deals 0.5x Power SkillType.Lightning damage to enemies in an area.,-,-,-,-,[0.7;0.925;1.15],pool,,1,damage×1
whiskey,Whiskey,Whiskey,Whiskey,root,3,"Bonus Action. Increases Power and Toughness by 15%, but hero has a 35% chance to lose control. Stackable 5 times.",Decreases SkillType.Stun damage taken by 25%,Gain 3 Resist on use,-,-,[0.1;0.75;1.0;1.15;2;3],json,,2,damage×1;status×1
whitewind,WhiteWind,White Wind,-,root,2,Heals all party members for 0.25x Focus + 25% of their missing HP.,Removes Sleep and Stun from allies,-,-,-,[0.05;0.07;0.1;0.15;0.2;0.25;0.3;0.35;0.4;0.45;0.5;0.6;0.66;0.7;0.75;0.8;0.9;1.0;1.25;2;3],pool,,3,status×2;heal×1
wildswing,WildSwing,Wild Swing,-,fight,1,(Taunted) Deals 1x Power SkillType.Physical damage to an enemy. 20% decreased chance to hit.,-,-,-,-,-,pool,base_skill,1,damage×1
windcutter,WindCutter,Wind Cutter,WindCut,fight,2,Deals 1x Power SkillType.Physical damage to target enemy.,Also deals 1x Focus SkillType.Lightning damage,-,-,-,[0.1;0.4;0.6;2;3],pool,base_skill,2,damage×2
wintersgift,WintersGift,Winter's Gift,-,root,1,Access Winter's Gift skills. Requires Tranquil Stance.,-,-,-,-,[2;7;3],pool,,0,
wither,Wither,Wither,Wither,fight,3,Target takes 1x Focus SkillType.Dark damage over time for 3 turns. Deals +30% damage vs Undead and Plants.,Target's Power and Focus decreased by 20%,Target's received SkillType.Healing is reduced by 90%,-,-,[0.1;0.2;0.25;0.8;1.0;1.3;1.5;2.0;2;3;5],json,base_skill,1,damage×1
wizzardrone,WizzarDrone,Wizzar Drone,WizzarD.,root,3,"Automatically summon a drone that records usable enemy SkillType.Spell skills, which Claire may then cast.",Access Wizzar Drone's recorded spells.,Recorded skills have 35% reduced turn delay,-,-,[0.2;0.4;0.5;0.6;0.65;0.8;1.0;2;7;5],pool,,1,summon×1
wobble,Wobble,Wobble,-,enemy,1,Wobble wobble wobble.,-,-,-,-,[0.15;0.25;0.35;1.0],pool,base_skill,0,
wound,Wound,Wound,Wound,root,3,Deals 1.35x Power SkillType.Physical damage and decreases target's SkillType.Healing received by 40% for 3 turns.,Stacks three times,Decreases target's Endurance by 15%,-,-,[0.01;0.15;0.6;0.85;1.0;3],json,,2,damage×1;stat_mod×1
wraithstrike,WraithStrike,Wraith Strike,-,fight,1,Deals 0.75x Power SkillType.Physical damage to target enemy. Short turn delay.,-,-,-,-,[0.05;0.5;3;2],pool,base_skill,1,damage×1
wrench,Wrench,Wrench,-,fight,3,Deals 1x Power SkillType.Physical damage to target.,Damage increased by 35%,Deals critical damage to Mechanical enemies,-,-,[1.35;3;2],pool,base_skill,3,damage×3
wristlaser,WristLaser,Wrist Laser,-,fight,2,Deals 1x Power SkillType.Energy damage to target.,Also deals 0.3x Power SkillType.Fire damage,-,-,-,[0.3;0.4;0.7;1.0;1.25;3;2],pool,base_skill,2,damage×2
xcannon,XCannon,X Cannon,-,enemy,0,-,-,-,-,-,[0.015;0.1;0.15;0.2;0.32;0.5;0.525;0.65;0.75;1.0;2.0],name-only,base_skill,0,
xendrosabsorb,XendrosAbsorb,Xendros Absorb,XendrosPod,enemy,0,-,-,-,-,-,[1.0;4.0;5.0],name-only,base_skill,0,
xendrossnap,XendrosSnap,Xendros Snap,-,enemy,1,Deals 1.5x Focus SkillType.Dark damage and reduces all attributes or removes all resists.,-,-,-,-,[0.5;0.75;1.5;2;3;4],pool,base_skill,1,damage×1
xendrossummon,XendrosSummon,Xendros Summon,-,enemy,1,Reinforces cultists in waves.,-,-,-,-,[5],pool,base_skill,0,
xendrostransform,XendrosTransform,Xendros Transform,-,enemy,0,-,-,-,-,-,[0.25],name-only,base_skill,0,
yawn,Yawn,Yawn,-,enemy,1,"Inflicts 4.0x Focus SkillType.Sleep damage, heals self for 2.0x Focus HP, and removes all debuffs.",-,-,-,-,[0.2;0.5;0.65;1.0;1.25;2.0],pool,base_skill,3,damage×1;status×1;heal×1
yoink,Yoink,Yoink,-,defend,2,"Steal one SkillType.Buff from target enemy, and give it to a random ally.",Increase duration of stolen SkillType.Buff by one turn,-,-,-,[0.5;0.5725;0.7;0.7373;0.9412;1.35;10.0;50.0],pool,base_skill,0,
zappunch,ZapPunch,Zap Punch,-,enemy,1,Deals 0.5x Power SkillType.Physical damage and 0.75x Focus SkillType.Lightning damage that jumps to an adjacent enemy 3 times.,-,-,-,-,-,pool,base_skill,2,damage×2
zapshot,ZapShot,Zap Shot,-,enemy,1,Deals 1.25x Focus SkillType.Lightning and SkillType.Stun damage that jumps to an adjacent enemy three times.,-,-,-,-,[0.25;0.35;0.85],pool,base_skill,2,damage×1;status×1
zentrance,ZenTrance,Zen Trance,Zen Trance,defend,3,Stance. Increases damage and healing by 50% while active. Decreases Speed by 35%.,Decreases damage taken by 35%,Increases all attributes by 15%,-,-,[-5.0;0.2;0.4;0.5;0.6;0.65;0.8;1.0;1.15;3;2],json,Stance,3,damage×2;stat_mod×1
zombiebite,ZombieBite,Zombie Bite,Zombie Bite,root,3,Deals 0.5x Power SkillType.Physical damage and SkillType.Poison damage over time. Stacks.,Stacks increase SkillType.Poison damage taken by 15%,Trigger damage for all stacks on hit,-,-,-,json,,5,damage×3;status×2
zonedefense,ZoneDefense,Zone Defense,Zone D,root,4,Stance. Automatically Protect adjacent allies. Decreases damage by 35%.,Stance. Automatically Protect adjacent allies. Deal less damage.,Take 50% less redirected damage,Gain turn progress from redirected damage,-,[0.2;0.5;0.65;2;7;3],pool,,4,damage×4
